KYCRSP_FUNDNO;REAR_LOAD;REAR_GROUP_NO;FRLBEGDT;FRLENDDT
2697;0,05;72928;01/07/2000;28/05/2004
2697;0,04;72928;01/07/2000;28/05/2004
2697;0,03;72928;01/07/2000;28/05/2004
2697;0,02;72928;01/07/2000;28/05/2004
2697;0,01;72928;01/07/2000;28/05/2004
2697;0;72928;01/07/2000;28/05/2004
2697;0;72928;01/07/2000;28/05/2004
2698;0,05;72929;01/07/2000;28/05/2004
2698;0,04;72929;01/07/2000;28/05/2004
2698;0,03;72929;01/07/2000;28/05/2004
2698;0,02;72929;01/07/2000;28/05/2004
2698;0,01;72929;01/07/2000;28/05/2004
2698;0;72929;01/07/2000;28/05/2004
2698;0;72929;01/07/2000;28/05/2004
2773;0;72975;01/03/2004;31/10/2005
2773;0,02;72975;01/03/2004;31/10/2005
2773;0;72975;01/03/2004;31/10/2005
2775;0;72978;01/03/2004;31/03/2004
2775;0,02;72978;01/03/2004;31/03/2004
2775;0;72978;01/03/2004;31/03/2004
2776;0;72979;01/03/2004;31/03/2005
2776;0,02;72979;01/03/2004;31/03/2005
2776;0;72979;01/03/2004;31/03/2005
2937;0,05;73068;07/06/1999;29/07/2005
2937;0,04;73068;07/06/1999;29/07/2005
2937;0,03;73068;07/06/1999;29/07/2005
2937;0,02;73068;07/06/1999;29/07/2005
2937;0,01;73068;07/06/1999;29/07/2005
2937;0;73068;07/06/1999;29/07/2005
2937;0;73068;07/06/1999;29/07/2005
2976;0,01;73091;24/08/2000;17/08/2003
2976;0;73091;24/08/2000;17/08/2003
2976;0;73091;24/08/2000;17/08/2003
2976;0,01;73092;18/08/2003;31/10/2003
2976;0;73092;18/08/2003;31/10/2003
2976;0;73092;18/08/2003;31/10/2003
3295;0;73278;25/10/1999;29/03/2001
3295;0,0075;73278;25/10/1999;29/03/2001
3295;0;73278;25/10/1999;29/03/2001
3295;0;73279;30/03/2001;30/06/2004
3295;0,005;73279;30/03/2001;30/06/2004
3295;0;73279;30/03/2001;30/06/2004
3297;0;73282;25/10/1999;29/03/2001
3297;0,0075;73282;25/10/1999;29/03/2001
3297;0;73282;25/10/1999;29/03/2001
3297;0;73283;30/03/2001;29/11/2002
3297;0,005;73283;30/03/2001;29/11/2002
3297;0;73283;30/03/2001;29/11/2002
3303;0;73288;25/10/1999;29/03/2001
3303;0,0075;73288;25/10/1999;29/03/2001
3303;0;73288;25/10/1999;29/03/2001
3303;0;73289;30/03/2001;29/11/2002
3303;0,005;73289;30/03/2001;29/11/2002
3303;0;73289;30/03/2001;29/11/2002
3342;0,05;73310;10/07/1992;31/03/2006
3342;0,04;73310;10/07/1992;31/03/2006
3342;0,03;73310;10/07/1992;31/03/2006
3342;0,02;73310;10/07/1992;31/03/2006
3342;0,01;73310;10/07/1992;31/03/2006
3342;0;73310;10/07/1992;31/03/2006
3342;0;73310;10/07/1992;31/03/2006
3349;0;73314;29/11/2002;31/05/2007
3349;0,02;73314;29/11/2002;31/05/2007
3349;0;73314;29/11/2002;31/05/2007
3358;0;73327;29/11/2002;31/05/2007
3358;0,02;73327;29/11/2002;31/05/2007
3358;0;73327;29/11/2002;31/05/2007
3375;0;73353;29/11/2002;31/05/2007
3375;0,02;73353;29/11/2002;31/05/2007
3375;0;73353;29/11/2002;31/05/2007
3390;0;73375;29/11/2002;31/03/2008
3390;0,02;73375;29/11/2002;31/03/2008
3390;0;73375;29/11/2002;31/03/2008
3391;0;73376;29/11/2002;31/03/2008
3391;0,02;73376;29/11/2002;31/03/2008
3391;0;73376;29/11/2002;31/03/2008
3395;0,05;73382;01/07/1999;28/11/2002
3395;0,04;73382;01/07/1999;28/11/2002
3395;0,03;73382;01/07/1999;28/11/2002
3395;0,02;73382;01/07/1999;28/11/2002
3395;0,01;73382;01/07/1999;28/11/2002
3395;0;73382;01/07/1999;28/11/2002
3395;0;73382;01/07/1999;28/11/2002
3395;0,05;73383;29/11/2002;31/05/2007
3395;0,04;73383;29/11/2002;31/05/2007
3395;0,03;73383;29/11/2002;31/05/2007
3395;0,02;73383;29/11/2002;31/05/2007
3395;0,01;73383;29/11/2002;31/05/2007
3395;0;73383;29/11/2002;31/05/2007
3395;0,02;73383;29/11/2002;31/05/2007
3395;0;73383;29/11/2002;31/05/2007
3405;0;73402;01/01/2004;12/12/2004
3405;0,02;73402;01/01/2004;12/12/2004
3405;0;73402;01/01/2004;12/12/2004
3405;0;73403;13/12/2004;31/05/2007
3405;0,02;73403;13/12/2004;31/05/2007
3405;0;73403;13/12/2004;31/05/2007
3433;0;73460;01/01/2004;12/12/2004
3433;0,02;73460;01/01/2004;12/12/2004
3433;0;73460;01/01/2004;12/12/2004
3433;0;73461;13/12/2004;31/05/2007
3433;0,02;73461;13/12/2004;31/05/2007
3433;0;73461;13/12/2004;31/05/2007
3436;0;73468;01/01/2004;12/12/2004
3436;0,02;73468;01/01/2004;12/12/2004
3436;0;73468;01/01/2004;12/12/2004
3436;0;73469;13/12/2004;31/05/2007
3436;0,02;73469;13/12/2004;31/05/2007
3436;0;73469;13/12/2004;31/05/2007
3439;0;73476;01/01/2004;12/12/2004
3439;0,02;73476;01/01/2004;12/12/2004
3439;0;73476;01/01/2004;12/12/2004
3439;0;73477;13/12/2004;31/05/2007
3439;0,02;73477;13/12/2004;31/05/2007
3439;0;73477;13/12/2004;31/05/2007
3442;0;73484;01/01/2004;12/12/2004
3442;0,02;73484;01/01/2004;12/12/2004
3442;0;73484;01/01/2004;12/12/2004
3442;0;73485;13/12/2004;31/05/2007
3442;0,02;73485;13/12/2004;31/05/2007
3442;0;73485;13/12/2004;31/05/2007
3550;0,05;73523;31/01/1997;31/12/2003
3550;0,045;73523;31/01/1997;31/12/2003
3550;0,035;73523;31/01/1997;31/12/2003
3550;0,025;73523;31/01/1997;31/12/2003
3550;0,015;73523;31/01/1997;31/12/2003
3550;0;73523;31/01/1997;31/12/2003
3550;0;73523;31/01/1997;31/12/2003
3582;0,05;73537;24/10/2001;30/04/2007
3582;0,04;73537;24/10/2001;30/04/2007
3582;0,03;73537;24/10/2001;30/04/2007
3582;0,02;73537;24/10/2001;30/04/2007
3582;0,01;73537;24/10/2001;30/04/2007
3582;0;73537;24/10/2001;30/04/2007
3582;0;73537;24/10/2001;30/04/2007
3684;0,05;73554;16/09/1994;31/12/2003
3684;0,045;73554;16/09/1994;31/12/2003
3684;0,035;73554;16/09/1994;31/12/2003
3684;0,025;73554;16/09/1994;31/12/2003
3684;0,015;73554;16/09/1994;31/12/2003
3684;0;73554;16/09/1994;31/12/2003
3684;0;73554;16/09/1994;31/12/2003
3698;0;73562;28/12/2004;31/03/2008
3698;0,01;73562;28/12/2004;31/03/2008
3698;0;73562;28/12/2004;31/03/2008
3699;0;73563;28/12/2004;31/03/2008
3699;0,02;73563;28/12/2004;31/03/2008
3699;0;73563;28/12/2004;31/03/2008
3702;0;73567;31/03/1997;28/02/2005
3702;0;73567;31/03/1997;28/02/2005
3709;0;73571;29/03/2004;31/03/2005
3709;0,02;73571;29/03/2004;31/03/2005
3709;0;73571;29/03/2004;31/03/2005
3711;0;73572;28/04/2000;30/09/2004
3711;0,01;73572;28/04/2000;30/09/2004
3711;0;73572;28/04/2000;30/09/2004
3732;0,05;73584;31/08/2000;28/11/2003
3732;0,04;73584;31/08/2000;28/11/2003
3732;0,03;73584;31/08/2000;28/11/2003
3732;0,02;73584;31/08/2000;28/11/2003
3732;0,01;73584;31/08/2000;28/11/2003
3732;0;73584;31/08/2000;28/11/2003
3732;0;73584;31/08/2000;28/11/2003
4073;0,0075;73777;01/10/2003;31/03/2006
4073;0;73777;01/10/2003;31/03/2006
4073;0;73777;01/10/2003;31/03/2006
4335;0,04;73883;23/07/1998;28/02/2005
4335;0,03;73883;23/07/1998;28/02/2005
4335;0,02;73883;23/07/1998;28/02/2005
4335;0,01;73883;23/07/1998;28/02/2005
4335;0;73883;23/07/1998;28/02/2005
4335;0;73883;23/07/1998;28/02/2005
4343;0,04;73889;25/01/2001;31/07/2003
4343;0,03;73889;25/01/2001;31/07/2003
4343;0,02;73889;25/01/2001;31/07/2003
4343;0,01;73889;25/01/2001;31/07/2003
4343;0;73889;25/01/2001;31/07/2003
4343;0;73889;25/01/2001;31/07/2003
4643;0;74372;10/06/2002;31/10/2003
4643;0,01;74372;10/06/2002;31/10/2003
4643;0;74372;10/06/2002;31/10/2003
4643;0;74373;01/11/2003;05/02/2004
4643;0,01;74373;01/11/2003;05/02/2004
4643;0;74373;01/11/2003;05/02/2004
4643;0;74374;06/02/2004;31/10/2005
4643;0,02;74374;06/02/2004;31/10/2005
4643;0;74374;06/02/2004;31/10/2005
4643;0;74375;01/11/2005;30/06/2006
4643;0,02;74375;01/11/2005;30/06/2006
4643;0;74375;01/11/2005;30/06/2006
4691;0;74443;31/03/2005;31/10/2005
4691;0,02;74443;31/03/2005;31/10/2005
4691;0;74443;31/03/2005;31/10/2005
4691;0;74444;01/11/2005;30/06/2008
4691;0,02;74444;01/11/2005;30/06/2008
4691;0;74444;01/11/2005;30/06/2008
5311;0,06;74689;19/08/1998;28/11/2003
5311;0,05;74689;19/08/1998;28/11/2003
5311;0,04;74689;19/08/1998;28/11/2003
5311;0,03;74689;19/08/1998;28/11/2003
5311;0,02;74689;19/08/1998;28/11/2003
5311;0,01;74689;19/08/1998;28/11/2003
5311;0;74689;19/08/1998;28/11/2003
5311;0;74689;19/08/1998;28/11/2003
5316;0,06;74694;02/01/1998;28/11/2003
5316;0,05;74694;02/01/1998;28/11/2003
5316;0,04;74694;02/01/1998;28/11/2003
5316;0,03;74694;02/01/1998;28/11/2003
5316;0,02;74694;02/01/1998;28/11/2003
5316;0,01;74694;02/01/1998;28/11/2003
5316;0;74694;02/01/1998;28/11/2003
5316;0;74694;02/01/1998;28/11/2003
5328;0,06;74706;29/07/1997;31/08/2005
5328;0,05;74706;29/07/1997;31/08/2005
5328;0,04;74706;29/07/1997;31/08/2005
5328;0,03;74706;29/07/1997;31/08/2005
5328;0,02;74706;29/07/1997;31/08/2005
5328;0,01;74706;29/07/1997;31/08/2005
5328;0;74706;29/07/1997;31/08/2005
5328;0;74706;29/07/1997;31/08/2005
5330;0,06;74709;29/07/1997;31/10/2005
5330;0,05;74709;29/07/1997;31/10/2005
5330;0,04;74709;29/07/1997;31/10/2005
5330;0,03;74709;29/07/1997;31/10/2005
5330;0,02;74709;29/07/1997;31/10/2005
5330;0,01;74709;29/07/1997;31/10/2005
5330;0;74709;29/07/1997;31/10/2005
5330;0;74709;29/07/1997;31/10/2005
5332;0,06;74711;01/05/2002;29/10/2004
5332;0,05;74711;01/05/2002;29/10/2004
5332;0,04;74711;01/05/2002;29/10/2004
5332;0,03;74711;01/05/2002;29/10/2004
5332;0,02;74711;01/05/2002;29/10/2004
5332;0,01;74711;01/05/2002;29/10/2004
5332;0;74711;01/05/2002;29/10/2004
5332;0;74711;01/05/2002;29/10/2004
5336;0,06;74713;11/09/2000;28/11/2003
5336;0,05;74713;11/09/2000;28/11/2003
5336;0,04;74713;11/09/2000;28/11/2003
5336;0,03;74713;11/09/2000;28/11/2003
5336;0,02;74713;11/09/2000;28/11/2003
5336;0,01;74713;11/09/2000;28/11/2003
5336;0;74713;11/09/2000;28/11/2003
5336;0;74713;11/09/2000;28/11/2003
5342;0,06;74718;11/09/2000;28/11/2003
5342;0,05;74718;11/09/2000;28/11/2003
5342;0,04;74718;11/09/2000;28/11/2003
5342;0,03;74718;11/09/2000;28/11/2003
5342;0,02;74718;11/09/2000;28/11/2003
5342;0,01;74718;11/09/2000;28/11/2003
5342;0;74718;11/09/2000;28/11/2003
5342;0;74718;11/09/2000;28/11/2003
5348;0,06;74723;11/09/2000;30/06/2006
5348;0,05;74723;11/09/2000;30/06/2006
5348;0,04;74723;11/09/2000;30/06/2006
5348;0,03;74723;11/09/2000;30/06/2006
5348;0,02;74723;11/09/2000;30/06/2006
5348;0,01;74723;11/09/2000;30/06/2006
5348;0;74723;11/09/2000;30/06/2006
5348;0;74723;11/09/2000;30/06/2006
5365;0;74738;01/04/1999;29/11/2002
5365;0,01;74738;01/04/1999;29/11/2002
5365;0;74738;01/04/1999;29/11/2002
5376;0;74743;01/12/2003;30/09/2005
5376;0,02;74743;01/12/2003;30/09/2005
5376;0;74743;01/12/2003;30/09/2005
5381;0;74752;01/12/2002;30/09/2005
5381;0,02;74752;01/12/2002;30/09/2005
5381;0;74752;01/12/2002;30/09/2005
5382;0;74753;01/12/2002;30/09/2005
5382;0,02;74753;01/12/2002;30/09/2005
5382;0;74753;01/12/2002;30/09/2005
5383;0;74754;01/12/2003;30/09/2005
5383;0,02;74754;01/12/2003;30/09/2005
5383;0;74754;01/12/2003;30/09/2005
5388;0;74763;01/12/2002;30/09/2005
5388;0,02;74763;01/12/2002;30/09/2005
5388;0;74763;01/12/2002;30/09/2005
5391;0;74768;01/12/2002;30/09/2005
5391;0,02;74768;01/12/2002;30/09/2005
5391;0;74768;01/12/2002;30/09/2005
5396;0;74778;01/12/2002;22/09/2005
5396;0,02;74778;01/12/2002;22/09/2005
5396;0;74778;01/12/2002;22/09/2005
5396;0;74779;23/09/2005;30/11/2006
5396;0;74779;23/09/2005;30/11/2006
5400;0;74784;01/12/2002;30/09/2005
5400;0,02;74784;01/12/2002;30/09/2005
5400;0;74784;01/12/2002;30/09/2005
5403;0;74788;01/12/2003;30/09/2005
5403;0,02;74788;01/12/2003;30/09/2005
5403;0;74788;01/12/2003;30/09/2005
5428;0,04;74806;27/01/1999;12/03/2000
5428;0,03;74806;27/01/1999;12/03/2000
5428;0,02;74806;27/01/1999;12/03/2000
5428;0,01;74806;27/01/1999;12/03/2000
5428;0;74806;27/01/1999;12/03/2000
5428;0;74806;27/01/1999;12/03/2000
5428;0,05;74807;13/03/2000;30/11/2003
5428;0,04;74807;13/03/2000;30/11/2003
5428;0,03;74807;13/03/2000;30/11/2003
5428;0,02;74807;13/03/2000;30/11/2003
5428;0,01;74807;13/03/2000;30/11/2003
5428;0;74807;13/03/2000;30/11/2003
5428;0;74807;13/03/2000;30/11/2003
5428;0;74808;01/12/2003;30/09/2005
5428;0,02;74808;01/12/2003;30/09/2005
5428;0;74808;01/12/2003;30/09/2005
5623;0,04;74893;02/02/1996;31/03/2000
5623;0,03;74893;02/02/1996;31/03/2000
5623;0,02;74893;02/02/1996;31/03/2000
5623;0,01;74893;02/02/1996;31/03/2000
5623;0;74893;02/02/1996;31/03/2000
5623;0;74893;02/02/1996;31/03/2000
5623;0,04;74894;01/04/2000;30/01/2004
5623;0,03;74894;01/04/2000;30/01/2004
5623;0,02;74894;01/04/2000;30/01/2004
5623;0,01;74894;01/04/2000;30/01/2004
5623;0;74894;01/04/2000;30/01/2004
5623;0;74894;01/04/2000;30/01/2004
5721;0;75036;01/02/2004;23/07/2006
5721;0,02;75036;01/02/2004;23/07/2006
5721;0;75036;01/02/2004;23/07/2006
5721;0;75037;24/07/2006;29/12/2006
5721;0;75037;24/07/2006;29/12/2006
5739;0;75082;31/12/2003;31/01/2004
5739;0,02;75082;31/12/2003;31/01/2004
5739;0;75082;31/12/2003;31/01/2004
5739;0;75083;01/02/2004;31/03/2006
5739;0,02;75083;01/02/2004;31/03/2006
5739;0;75083;01/02/2004;31/03/2006
5928;0;75192;01/10/2001;28/11/2003
5928;0,02;75192;01/10/2001;28/11/2003
5928;0;75192;01/10/2001;28/11/2003
5932;0;75196;01/10/2002;28/11/2003
5932;0,02;75196;01/10/2002;28/11/2003
5932;0;75196;01/10/2002;28/11/2003
5936;0;75200;01/10/2001;28/11/2003
5936;0,02;75200;01/10/2001;28/11/2003
5936;0;75200;01/10/2001;28/11/2003
6078;0;75259;28/01/2004;31/10/2006
6078;0,02;75259;28/01/2004;31/10/2006
6078;0;75259;28/01/2004;31/10/2006
6083;0;75266;28/01/2004;31/10/2006
6083;0,02;75266;28/01/2004;31/10/2006
6083;0;75266;28/01/2004;31/10/2006
6114;0;75333;28/01/2004;01/10/2006
6114;0,02;75333;28/01/2004;01/10/2006
6114;0;75333;28/01/2004;01/10/2006
6114;0;75334;02/10/2006;31/03/2008
6114;0;75334;02/10/2006;31/03/2008
6189;0;75393;01/03/2003;31/01/2005
6189;0,02;75393;01/03/2003;31/01/2005
6189;0;75393;01/03/2003;31/01/2005
6278;0;75508;31/01/2005;01/10/2006
6278;0,02;75508;31/01/2005;01/10/2006
6278;0;75508;31/01/2005;01/10/2006
6278;0;75509;02/10/2006;31/03/2008
6278;0;75509;02/10/2006;31/03/2008
6279;0;75510;31/01/2005;01/10/2006
6279;0,02;75510;31/01/2005;01/10/2006
6279;0;75510;31/01/2005;01/10/2006
6279;0;75511;02/10/2006;31/03/2008
6279;0,02;75511;02/10/2006;31/03/2008
6279;0;75511;02/10/2006;31/03/2008
6280;0;75512;31/01/2005;01/10/2006
6280;0,02;75512;31/01/2005;01/10/2006
6280;0;75512;31/01/2005;01/10/2006
6280;0;75513;02/10/2006;31/03/2008
6280;0,02;75513;02/10/2006;31/03/2008
6280;0;75513;02/10/2006;31/03/2008
7387;0,05;76347;01/08/2000;31/12/2004
7387;0,04;76347;01/08/2000;31/12/2004
7387;0,03;76347;01/08/2000;31/12/2004
7387;0,02;76347;01/08/2000;31/12/2004
7387;0,01;76347;01/08/2000;31/12/2004
7387;0;76347;01/08/2000;31/12/2004
7387;0;76347;01/08/2000;31/12/2004
7391;0,05;76349;01/03/2000;31/10/2005
7391;0,04;76349;01/03/2000;31/10/2005
7391;0,03;76349;01/03/2000;31/10/2005
7391;0,02;76349;01/03/2000;31/10/2005
7391;0,01;76349;01/03/2000;31/10/2005
7391;0;76349;01/03/2000;31/10/2005
7391;0;76349;01/03/2000;31/10/2005
7446;0,05;76377;01/08/1992;30/09/2005
7446;0,04;76377;01/08/1992;30/09/2005
7446;0,03;76377;01/08/1992;30/09/2005
7446;0,02;76377;01/08/1992;30/09/2005
7446;0,01;76377;01/08/1992;30/09/2005
7446;0;76377;01/08/1992;30/09/2005
7446;0;76377;01/08/1992;30/09/2005
7712;0,05;76580;30/12/1996;29/09/2006
7712;0,04;76580;30/12/1996;29/09/2006
7712;0,03;76580;30/12/1996;29/09/2006
7712;0,02;76580;30/12/1996;29/09/2006
7712;0,01;76580;30/12/1996;29/09/2006
7712;0;76580;30/12/1996;29/09/2006
7712;0;76580;30/12/1996;29/09/2006
7904;0,05;76697;04/03/1996;31/12/2000
7904;0,04;76697;04/03/1996;31/12/2000
7904;0,03;76697;04/03/1996;31/12/2000
7904;0,02;76697;04/03/1996;31/12/2000
7904;0,01;76697;04/03/1996;31/12/2000
7904;0;76697;04/03/1996;31/12/2000
7904;0;76697;04/03/1996;31/12/2000
7904;0,05;76698;01/01/2001;31/03/2008
7904;0,04;76698;01/01/2001;31/03/2008
7904;0,03;76698;01/01/2001;31/03/2008
7904;0,02;76698;01/01/2001;31/03/2008
7904;0,01;76698;01/01/2001;31/03/2008
7904;0;76698;01/01/2001;31/03/2008
7904;0;76698;01/01/2001;31/03/2008
8356;0;76896;01/02/2005;31/10/2006
8356;0,02;76896;01/02/2005;31/10/2006
8356;0;76896;01/02/2005;31/10/2006
8362;0;76908;04/02/2005;31/10/2006
8362;0,02;76908;04/02/2005;31/10/2006
8362;0;76908;04/02/2005;31/10/2006
8594;0;77289;04/02/2005;31/07/2006
8594;0,02;77289;04/02/2005;31/07/2006
8594;0;77289;04/02/2005;31/07/2006
8598;0;77294;04/02/2005;31/07/2006
8598;0,02;77294;04/02/2005;31/07/2006
8598;0;77294;04/02/2005;31/07/2006
8611;0;77312;04/02/2005;31/07/2006
8611;0,02;77312;04/02/2005;31/07/2006
8611;0;77312;04/02/2005;31/07/2006
8619;0;77321;04/02/2005;31/07/2006
8619;0,02;77321;04/02/2005;31/07/2006
8619;0;77321;04/02/2005;31/07/2006
8627;0;77332;04/02/2005;31/07/2006
8627;0,02;77332;04/02/2005;31/07/2006
8627;0;77332;04/02/2005;31/07/2006
8763;0;77493;26/12/2000;31/01/2005
8763;0,01;77493;26/12/2000;31/01/2005
8763;0;77493;26/12/2000;31/01/2005
8788;0,01;77508;01/08/1997;31/10/2006
8788;0;77508;01/08/1997;31/10/2006
8788;0;77508;01/08/1997;31/10/2006
8789;0,01;77509;01/08/1997;31/10/2006
8789;0;77509;01/08/1997;31/10/2006
8789;0;77509;01/08/1997;31/10/2006
8939;0,05;77620;30/04/2002;17/11/2002
8939;0,04;77620;30/04/2002;17/11/2002
8939;0,03;77620;30/04/2002;17/11/2002
8939;0,02;77620;30/04/2002;17/11/2002
8939;0,01;77620;30/04/2002;17/11/2002
8939;0;77620;30/04/2002;17/11/2002
8939;0;77620;30/04/2002;17/11/2002
8939;0,04;77621;18/11/2002;31/03/2008
8939;0,0325;77621;18/11/2002;31/03/2008
8939;0,0275;77621;18/11/2002;31/03/2008
8939;0,0225;77621;18/11/2002;31/03/2008
8939;0,015;77621;18/11/2002;31/03/2008
8939;0;77621;18/11/2002;31/03/2008
8939;0;77621;18/11/2002;31/03/2008
8956;0,05;77629;05/10/1998;17/11/2002
8956;0,04;77629;05/10/1998;17/11/2002
8956;0,03;77629;05/10/1998;17/11/2002
8956;0,02;77629;05/10/1998;17/11/2002
8956;0,01;77629;05/10/1998;17/11/2002
8956;0;77629;05/10/1998;17/11/2002
8956;0;77629;05/10/1998;17/11/2002
8956;0,04;77630;18/11/2002;31/01/2005
8956;0,0325;77630;18/11/2002;31/01/2005
8956;0,0275;77630;18/11/2002;31/01/2005
8956;0,0225;77630;18/11/2002;31/01/2005
8956;0,015;77630;18/11/2002;31/01/2005
8956;0;77630;18/11/2002;31/01/2005
8956;0;77630;18/11/2002;31/01/2005
9508;0;77863;31/08/1999;30/08/2001
9508;0,01;77863;31/08/1999;30/08/2001
9508;0;77863;31/08/1999;30/08/2001
9508;0;77864;31/08/2001;28/02/2003
9508;0,01;77864;31/08/2001;28/02/2003
9508;0;77864;31/08/2001;28/02/2003
9546;0;77897;29/06/2001;31/12/2006
9546;0,01;77897;29/06/2001;31/12/2006
9546;0;77897;29/06/2001;31/12/2006
9546;0;77898;01/01/2007;31/03/2008
9546;0;77898;01/01/2007;31/03/2008
9559;0;77903;01/06/2000;29/04/2005
9559;0,01;77903;01/06/2000;29/04/2005
9559;0;77903;01/06/2000;29/04/2005
9922;0;78155;19/10/1999;29/09/2006
9922;0,01;78155;19/10/1999;29/09/2006
9922;0;78155;19/10/1999;29/09/2006
10321;0;78445;29/11/2002;31/03/2008
10321;0,02;78445;29/11/2002;31/03/2008
10321;0;78445;29/11/2002;31/03/2008
10700;0,05;78722;22/12/1997;30/06/2005
10700;0,04;78722;22/12/1997;30/06/2005
10700;0,03;78722;22/12/1997;30/06/2005
10700;0,02;78722;22/12/1997;30/06/2005
10700;0,01;78722;22/12/1997;30/06/2005
10700;0;78722;22/12/1997;30/06/2005
10700;0;78722;22/12/1997;30/06/2005
10857;0;78834;16/10/2006;31/07/2007
10857;0,02;78834;16/10/2006;31/07/2007
10857;0;78834;16/10/2006;31/07/2007
10857;0;78835;01/08/2007;31/03/2008
10857;0,02;78835;01/08/2007;31/03/2008
10857;0;78835;01/08/2007;31/03/2008
10866;0;78840;16/10/2006;31/07/2007
10866;0,02;78840;16/10/2006;31/07/2007
10866;0;78840;16/10/2006;31/07/2007
10866;0;78841;01/08/2007;31/03/2008
10866;0,02;78841;01/08/2007;31/03/2008
10866;0;78841;01/08/2007;31/03/2008
10867;0;78842;30/09/2002;31/07/2007
10867;0,02;78842;30/09/2002;31/07/2007
10867;0;78842;30/09/2002;31/07/2007
10867;0;78843;01/08/2007;31/03/2008
10867;0,02;78843;01/08/2007;31/03/2008
10867;0;78843;01/08/2007;31/03/2008
10887;0;78870;16/10/2006;31/07/2007
10887;0,02;78870;16/10/2006;31/07/2007
10887;0;78870;16/10/2006;31/07/2007
10887;0;78871;01/08/2007;31/03/2008
10887;0,02;78871;01/08/2007;31/03/2008
10887;0;78871;01/08/2007;31/03/2008
10974;0;78904;15/04/2002;30/04/2004
10974;0,01;78904;15/04/2002;30/04/2004
10974;0;78904;15/04/2002;30/04/2004
10975;0;78905;15/04/2002;30/04/2004
10975;0,01;78905;15/04/2002;30/04/2004
10975;0;78905;15/04/2002;30/04/2004
11031;0,055;78937;01/11/1995;30/04/2002
11031;0,0475;78937;01/11/1995;30/04/2002
11031;0,04;78937;01/11/1995;30/04/2002
11031;0,03;78937;01/11/1995;30/04/2002
11031;0,02;78937;01/11/1995;30/04/2002
11031;0,01;78937;01/11/1995;30/04/2002
11031;0;78937;01/11/1995;30/04/2002
11031;0;78937;01/11/1995;30/04/2002
12359;0,05;79769;15/08/1994;28/02/2003
12359;0,04;79769;15/08/1994;28/02/2003
12359;0,03;79769;15/08/1994;28/02/2003
12359;0,02;79769;15/08/1994;28/02/2003
12359;0,01;79769;15/08/1994;28/02/2003
12359;0;79769;15/08/1994;28/02/2003
12359;0;79769;15/08/1994;28/02/2003
12737;0,05;79949;30/04/2001;30/09/2003
12737;0,04;79949;30/04/2001;30/09/2003
12737;0,03;79949;30/04/2001;30/09/2003
12737;0,02;79949;30/04/2001;30/09/2003
12737;0,01;79949;30/04/2001;30/09/2003
12737;0;79949;30/04/2001;30/09/2003
12737;0;79949;30/04/2001;30/09/2003
13062;0;80404;01/01/2005;31/05/2007
13062;0,02;80404;01/01/2005;31/05/2007
13062;0;80404;01/01/2005;31/05/2007
13617;0;80931;01/11/2003;30/06/2004
13617;0,02;80931;01/11/2003;30/06/2004
13617;0;80931;01/11/2003;30/06/2004
13617;0;80932;01/07/2004;27/10/2005
13617;0,02;80932;01/07/2004;27/10/2005
13617;0;80932;01/07/2004;27/10/2005
13617;0;80933;28/10/2005;30/12/2005
13617;0,02;80933;28/10/2005;30/12/2005
13617;0;80933;28/10/2005;30/12/2005
13684;0;80993;17/04/2000;29/04/2003
13684;0,02;80993;17/04/2000;29/04/2003
13684;0;80993;17/04/2000;29/04/2003
13684;0;80994;30/04/2003;31/10/2003
13684;0,02;80994;30/04/2003;31/10/2003
13684;0;80994;30/04/2003;31/10/2003
14018;0,05;81133;19/06/2000;29/09/2006
14018;0,04;81133;19/06/2000;29/09/2006
14018;0,03;81133;19/06/2000;29/09/2006
14018;0,02;81133;19/06/2000;29/09/2006
14018;0,01;81133;19/06/2000;29/09/2006
14018;0;81133;19/06/2000;29/09/2006
14018;0;81133;19/06/2000;29/09/2006
14027;0;81135;01/03/2004;31/03/2008
14027;0,02;81135;01/03/2004;31/03/2008
14027;0;81135;01/03/2004;31/03/2008
14175;0;81218;01/06/2004;30/06/2006
14175;0,02;81218;01/06/2004;30/06/2006
14175;0;81218;01/06/2004;30/06/2006
14183;0;81223;30/09/2004;28/02/2007
14183;0,02;81223;30/09/2004;28/02/2007
14183;0;81223;30/09/2004;28/02/2007
14185;0;81224;30/09/2004;28/02/2007
14185;0,02;81224;30/09/2004;28/02/2007
14185;0;81224;30/09/2004;28/02/2007
14190;0;81226;01/02/2002;28/02/2007
14190;0,01;81226;01/02/2002;28/02/2007
14190;0;81226;01/02/2002;28/02/2007
14195;0;81227;30/09/2004;28/02/2007
14195;0,02;81227;30/09/2004;28/02/2007
14195;0;81227;30/09/2004;28/02/2007
14614;0;81385;16/08/1999;30/09/2004
14614;0,02;81385;16/08/1999;30/09/2004
14614;0;81385;16/08/1999;30/09/2004
14629;0;81401;01/06/2004;30/06/2006
14629;0,02;81401;01/06/2004;30/06/2006
14629;0;81401;01/06/2004;30/06/2006
14644;0;81411;26/12/2001;31/05/2004
14644;0,02;81411;26/12/2001;31/05/2004
14644;0;81411;26/12/2001;31/05/2004
14644;0;81412;01/06/2004;30/06/2006
14644;0,02;81412;01/06/2004;30/06/2006
14644;0;81412;01/06/2004;30/06/2006
14655;0;81425;26/12/2001;31/05/2004
14655;0,02;81425;26/12/2001;31/05/2004
14655;0;81425;26/12/2001;31/05/2004
14655;0;81426;01/06/2004;30/06/2006
14655;0,02;81426;01/06/2004;30/06/2006
14655;0;81426;01/06/2004;30/06/2006
15120;0,05;81616;02/01/1998;31/03/2004
15120;0,04;81616;02/01/1998;31/03/2004
15120;0,03;81616;02/01/1998;31/03/2004
15120;0,02;81616;02/01/1998;31/03/2004
15120;0,01;81616;02/01/1998;31/03/2004
15120;0;81616;02/01/1998;31/03/2004
15120;0;81616;02/01/1998;31/03/2004
15120;0;81617;01/04/2004;31/12/2004
15120;0,02;81617;01/04/2004;31/12/2004
15120;0;81617;01/04/2004;31/12/2004
15120;0;81618;01/01/2005;01/01/2007
15120;0,02;81618;01/01/2005;01/01/2007
15120;0;81618;01/01/2005;01/01/2007
15120;0;81619;02/01/2007;30/03/2007
15120;0;81619;02/01/2007;30/03/2007
15125;0,05;81629;02/01/1998;31/03/2004
15125;0,04;81629;02/01/1998;31/03/2004
15125;0,03;81629;02/01/1998;31/03/2004
15125;0,02;81629;02/01/1998;31/03/2004
15125;0,01;81629;02/01/1998;31/03/2004
15125;0;81629;02/01/1998;31/03/2004
15125;0;81629;02/01/1998;31/03/2004
15125;0;81630;01/04/2004;31/12/2004
15125;0,02;81630;01/04/2004;31/12/2004
15125;0;81630;01/04/2004;31/12/2004
15125;0;81631;01/01/2005;01/01/2007
15125;0,02;81631;01/01/2005;01/01/2007
15125;0;81631;01/01/2005;01/01/2007
15125;0;81632;02/01/2007;30/03/2007
15125;0;81632;02/01/2007;30/03/2007
15133;0;81651;01/04/2004;30/12/2005
15133;0,02;81651;01/04/2004;30/12/2005
15133;0;81651;01/04/2004;30/12/2005
15145;0;81666;01/04/2004;30/12/2005
15145;0,02;81666;01/04/2004;30/12/2005
15145;0;81666;01/04/2004;30/12/2005
15152;0,05;81677;20/08/1998;31/03/2004
15152;0,04;81677;20/08/1998;31/03/2004
15152;0,03;81677;20/08/1998;31/03/2004
15152;0,02;81677;20/08/1998;31/03/2004
15152;0,01;81677;20/08/1998;31/03/2004
15152;0;81677;20/08/1998;31/03/2004
15152;0;81677;20/08/1998;31/03/2004
15152;0;81678;01/04/2004;31/12/2004
15152;0,02;81678;01/04/2004;31/12/2004
15152;0;81678;01/04/2004;31/12/2004
15152;0;81679;01/01/2005;01/01/2007
15152;0,02;81679;01/01/2005;01/01/2007
15152;0;81679;01/01/2005;01/01/2007
15152;0;81680;02/01/2007;30/03/2007
15152;0;81680;02/01/2007;30/03/2007
15157;0,05;81692;02/01/1998;31/03/2004
15157;0,04;81692;02/01/1998;31/03/2004
15157;0,03;81692;02/01/1998;31/03/2004
15157;0,02;81692;02/01/1998;31/03/2004
15157;0,01;81692;02/01/1998;31/03/2004
15157;0;81692;02/01/1998;31/03/2004
15157;0;81692;02/01/1998;31/03/2004
15157;0;81693;01/04/2004;31/12/2004
15157;0,02;81693;01/04/2004;31/12/2004
15157;0;81693;01/04/2004;31/12/2004
15157;0;81694;01/01/2005;01/01/2007
15157;0,02;81694;01/01/2005;01/01/2007
15157;0;81694;01/01/2005;01/01/2007
15157;0;81695;02/01/2007;30/03/2007
15157;0;81695;02/01/2007;30/03/2007
15158;0,05;81696;02/01/1998;31/03/2004
15158;0,04;81696;02/01/1998;31/03/2004
15158;0,03;81696;02/01/1998;31/03/2004
15158;0,02;81696;02/01/1998;31/03/2004
15158;0,01;81696;02/01/1998;31/03/2004
15158;0;81696;02/01/1998;31/03/2004
15158;0;81696;02/01/1998;31/03/2004
15158;0;81697;01/04/2004;31/12/2004
15158;0,02;81697;01/04/2004;31/12/2004
15158;0;81697;01/04/2004;31/12/2004
15158;0;81698;01/01/2005;01/01/2007
15158;0,02;81698;01/01/2005;01/01/2007
15158;0;81698;01/01/2005;01/01/2007
15158;0;81699;02/01/2007;30/03/2007
15158;0;81699;02/01/2007;30/03/2007
15217;0;81760;06/11/2006;28/02/2007
15217;0,02;81760;06/11/2006;28/02/2007
15217;0;81760;06/11/2006;28/02/2007
15259;0,0475;81781;31/12/1999;30/11/2004
15259;0,0375;81781;31/12/1999;30/11/2004
15259;0,0275;81781;31/12/1999;30/11/2004
15259;0,0175;81781;31/12/1999;30/11/2004
15259;0;81781;31/12/1999;30/11/2004
15259;0;81781;31/12/1999;30/11/2004
15497;0,05;81876;15/11/1999;28/02/2007
15497;0,04;81876;15/11/1999;28/02/2007
15497;0,03;81876;15/11/1999;28/02/2007
15497;0,02;81876;15/11/1999;28/02/2007
15497;0,01;81876;15/11/1999;28/02/2007
15497;0;81876;15/11/1999;28/02/2007
15497;0;81876;15/11/1999;28/02/2007
15499;0,04;81877;10/07/1992;30/05/2003
15499;0,03;81877;10/07/1992;30/05/2003
15499;0,02;81877;10/07/1992;30/05/2003
15499;0,01;81877;10/07/1992;30/05/2003
15499;0;81877;10/07/1992;30/05/2003
15499;0;81877;10/07/1992;30/05/2003
15751;0,05;81915;15/11/1999;30/04/2004
15751;0,04;81915;15/11/1999;30/04/2004
15751;0,03;81915;15/11/1999;30/04/2004
15751;0,02;81915;15/11/1999;30/04/2004
15751;0,01;81915;15/11/1999;30/04/2004
15751;0;81915;15/11/1999;30/04/2004
15751;0;81915;15/11/1999;30/04/2004
15841;0,01;81959;27/12/1993;30/04/2002
15841;0;81959;27/12/1993;30/04/2002
15841;0;81959;27/12/1993;30/04/2002
15845;0,01;81961;19/04/1993;30/04/2002
15845;0;81961;19/04/1993;30/04/2002
15845;0;81961;19/04/1993;30/04/2002
16077;0,04;82041;10/07/1992;30/05/2003
16077;0,03;82041;10/07/1992;30/05/2003
16077;0,02;82041;10/07/1992;30/05/2003
16077;0,01;82041;10/07/1992;30/05/2003
16077;0;82041;10/07/1992;30/05/2003
16077;0;82041;10/07/1992;30/05/2003
16245;0,05;82079;20/10/1999;31/05/2002
16245;0,04;82079;20/10/1999;31/05/2002
16245;0,03;82079;20/10/1999;31/05/2002
16245;0,02;82079;20/10/1999;31/05/2002
16245;0,01;82079;20/10/1999;31/05/2002
16245;0;82079;20/10/1999;31/05/2002
16245;0;82079;20/10/1999;31/05/2002
16299;0,015;82099;05/07/2000;30/05/2003
16299;0;82099;05/07/2000;30/05/2003
16299;0;82099;05/07/2000;30/05/2003
16515;0;82122;01/07/2001;30/05/2003
16515;0,02;82122;01/07/2001;30/05/2003
16515;0;82122;01/07/2001;30/05/2003
16592;0;82182;01/07/2001;30/05/2003
16592;0,02;82182;01/07/2001;30/05/2003
16592;0;82182;01/07/2001;30/05/2003
16669;0;82283;01/07/2001;30/05/2003
16669;0,02;82283;01/07/2001;30/05/2003
16669;0;82283;01/07/2001;30/05/2003
16670;0,05;82284;25/10/1993;30/05/2003
16670;0,04;82284;25/10/1993;30/05/2003
16670;0,03;82284;25/10/1993;30/05/2003
16670;0,02;82284;25/10/1993;30/05/2003
16670;0,01;82284;25/10/1993;30/05/2003
16670;0;82284;25/10/1993;30/05/2003
16670;0;82284;25/10/1993;30/05/2003
16717;0,01;82288;31/01/2005;31/03/2008
16717;0;82288;31/01/2005;31/03/2008
16717;0;82288;31/01/2005;31/03/2008
17017;0,05;82454;30/06/1993;28/04/2006
17017;0,04;82454;30/06/1993;28/04/2006
17017;0,03;82454;30/06/1993;28/04/2006
17017;0,02;82454;30/06/1993;28/04/2006
17017;0,01;82454;30/06/1993;28/04/2006
17017;0;82454;30/06/1993;28/04/2006
17017;0;82454;30/06/1993;28/04/2006
17764;0,04;82761;31/12/1997;30/04/2001
17764;0,03;82761;31/12/1997;30/04/2001
17764;0,02;82761;31/12/1997;30/04/2001
17764;0,01;82761;31/12/1997;30/04/2001
17764;0;82761;31/12/1997;30/04/2001
17764;0;82761;31/12/1997;30/04/2001
17764;0,06;82762;01/05/2001;30/11/2006
17764;0,05;82762;01/05/2001;30/11/2006
17764;0,04;82762;01/05/2001;30/11/2006
17764;0,03;82762;01/05/2001;30/11/2006
17764;0,02;82762;01/05/2001;30/11/2006
17764;0,01;82762;01/05/2001;30/11/2006
17764;0;82762;01/05/2001;30/11/2006
17764;0;82762;01/05/2001;30/11/2006
17891;0;82848;01/11/2000;30/11/2004
17891;0,01;82848;01/11/2000;30/11/2004
17891;0;82848;01/11/2000;30/11/2004
17893;0;82849;28/01/2004;31/01/2007
17893;0,02;82849;28/01/2004;31/01/2007
17893;0;82849;28/01/2004;31/01/2007
17896;0;82855;30/09/2004;31/01/2007
17896;0,02;82855;30/09/2004;31/01/2007
17896;0;82855;30/09/2004;31/01/2007
17917;0;82873;01/07/1999;30/06/2003
17917;0,001;82873;01/07/1999;30/06/2003
17917;0;82873;01/07/1999;30/06/2003
17917;0;82874;01/07/2003;30/11/2004
17917;0,005;82874;01/07/2003;30/11/2004
17917;0;82874;01/07/2003;30/11/2004
17952;0;82904;01/07/2001;30/11/2006
17952;0,01;82904;01/07/2001;30/11/2006
17952;0;82904;01/07/2001;30/11/2006
18167;0,05;83029;31/08/1999;31/01/2007
18167;0,04;83029;31/08/1999;31/01/2007
18167;0,03;83029;31/08/1999;31/01/2007
18167;0,02;83029;31/08/1999;31/01/2007
18167;0,01;83029;31/08/1999;31/01/2007
18167;0;83029;31/08/1999;31/01/2007
18167;0;83029;31/08/1999;31/01/2007
18484;0,05;83179;01/08/2000;29/11/2002
18484;0,04;83179;01/08/2000;29/11/2002
18484;0,03;83179;01/08/2000;29/11/2002
18484;0,02;83179;01/08/2000;29/11/2002
18484;0,01;83179;01/08/2000;29/11/2002
18484;0;83179;01/08/2000;29/11/2002
18484;0;83179;01/08/2000;29/11/2002
18494;0,05;83181;01/12/1999;28/06/2002
18494;0,04;83181;01/12/1999;28/06/2002
18494;0,03;83181;01/12/1999;28/06/2002
18494;0,02;83181;01/12/1999;28/06/2002
18494;0,01;83181;01/12/1999;28/06/2002
18494;0;83181;01/12/1999;28/06/2002
18494;0;83181;01/12/1999;28/06/2002
18513;0;83193;01/10/1998;30/08/2001
18513;0,02;83193;01/10/1998;30/08/2001
18513;0;83193;01/10/1998;30/08/2001
18513;0;83194;31/08/2001;31/03/2004
18513;0,01;83194;31/08/2001;31/03/2004
18513;0;83194;31/08/2001;31/03/2004
18514;0;83197;01/10/1998;30/08/2001
18514;0,02;83197;01/10/1998;30/08/2001
18514;0;83197;01/10/1998;30/08/2001
18514;0;83198;31/08/2001;27/02/2004
18514;0,01;83198;31/08/2001;27/02/2004
18514;0;83198;31/08/2001;27/02/2004
18518;0;83203;01/10/1998;30/08/2001
18518;0,02;83203;01/10/1998;30/08/2001
18518;0;83203;01/10/1998;30/08/2001
18518;0;83204;31/08/2001;27/02/2004
18518;0,01;83204;31/08/2001;27/02/2004
18518;0;83204;31/08/2001;27/02/2004
18519;0;83207;01/10/1998;30/08/2001
18519;0,02;83207;01/10/1998;30/08/2001
18519;0;83207;01/10/1998;30/08/2001
18519;0;83208;31/08/2001;27/02/2004
18519;0,01;83208;31/08/2001;27/02/2004
18519;0;83208;31/08/2001;27/02/2004
18717;0;83329;30/12/1999;31/10/2003
18717;0,02;83329;30/12/1999;31/10/2003
18717;0;83329;30/12/1999;31/10/2003
18790;0;83353;01/07/2004;31/03/2005
18790;0,02;83353;01/07/2004;31/03/2005
18790;0;83353;01/07/2004;31/03/2005
18790;0;83354;01/04/2005;31/05/2007
18790;0;83354;01/04/2005;31/05/2007
18929;0;83543;01/01/2005;31/03/2005
18929;0,02;83543;01/01/2005;31/03/2005
18929;0;83543;01/01/2005;31/03/2005
18929;0;83544;01/04/2005;31/03/2008
18929;0;83544;01/04/2005;31/03/2008
19223;0,04;83843;01/09/1993;30/06/2004
19223;0,03;83843;01/09/1993;30/06/2004
19223;0,02;83843;01/09/1993;30/06/2004
19223;0,01;83843;01/09/1993;30/06/2004
19223;0;83843;01/09/1993;30/06/2004
19223;0;83843;01/09/1993;30/06/2004
19223;0;83844;01/07/2004;30/06/2005
19223;0,02;83844;01/07/2004;30/06/2005
19223;0;83844;01/07/2004;30/06/2005
19251;0;83898;01/07/2004;31/12/2005
19251;0,02;83898;01/07/2004;31/12/2005
19251;0;83898;01/07/2004;31/12/2005
19251;0;83899;01/01/2006;31/05/2007
19251;0;83899;01/01/2006;31/05/2007
19294;0,04;83992;01/09/1993;30/06/2004
19294;0,03;83992;01/09/1993;30/06/2004
19294;0,02;83992;01/09/1993;30/06/2004
19294;0,01;83992;01/09/1993;30/06/2004
19294;0;83992;01/09/1993;30/06/2004
19294;0;83992;01/09/1993;30/06/2004
19294;0;83993;01/07/2004;30/06/2005
19294;0,02;83993;01/07/2004;30/06/2005
19294;0;83993;01/07/2004;30/06/2005
19356;0;84067;01/07/2004;31/03/2006
19356;0,02;84067;01/07/2004;31/03/2006
19356;0;84067;01/07/2004;31/03/2006
19356;0;84068;01/04/2006;31/05/2007
19356;0;84068;01/04/2006;31/05/2007
19545;0,05;84198;01/06/1998;28/02/2005
19545;0,04;84198;01/06/1998;28/02/2005
19545;0,03;84198;01/06/1998;28/02/2005
19545;0,02;84198;01/06/1998;28/02/2005
19545;0,01;84198;01/06/1998;28/02/2005
19545;0;84198;01/06/1998;28/02/2005
19545;0;84198;01/06/1998;28/02/2005
19547;0,05;84199;01/06/1998;30/06/2005
19547;0,04;84199;01/06/1998;30/06/2005
19547;0,03;84199;01/06/1998;30/06/2005
19547;0,02;84199;01/06/1998;30/06/2005
19547;0,01;84199;01/06/1998;30/06/2005
19547;0;84199;01/06/1998;30/06/2005
19547;0;84199;01/06/1998;30/06/2005
19802;0,01;84292;17/11/2003;31/03/2006
19802;0;84292;17/11/2003;31/03/2006
19802;0;84292;17/11/2003;31/03/2006
20244;0;84426;28/01/2003;31/03/2005
20244;0,02;84426;28/01/2003;31/03/2005
20244;0;84426;28/01/2003;31/03/2005
20244;0;84427;01/04/2005;31/08/2005
20244;0,02;84427;01/04/2005;31/08/2005
20244;0;84427;01/04/2005;31/08/2005
20345;0,04;84503;15/10/2000;29/09/2006
20345;0,03;84503;15/10/2000;29/09/2006
20345;0,02;84503;15/10/2000;29/09/2006
20345;0,01;84503;15/10/2000;29/09/2006
20345;0;84503;15/10/2000;29/09/2006
20345;0;84503;15/10/2000;29/09/2006
20345;0,045;84504;30/09/2006;31/05/2007
20345;0,04;84504;30/09/2006;31/05/2007
20345;0,035;84504;30/09/2006;31/05/2007
20345;0,03;84504;30/09/2006;31/05/2007
20345;0,02;84504;30/09/2006;31/05/2007
20345;0,01;84504;30/09/2006;31/05/2007
20345;0;84504;30/09/2006;31/05/2007
20345;0;84504;30/09/2006;31/05/2007
20482;0,04;84599;28/06/1999;31/05/2001
20482;0,03;84599;28/06/1999;31/05/2001
20482;0,02;84599;28/06/1999;31/05/2001
20482;0,01;84599;28/06/1999;31/05/2001
20482;0;84599;28/06/1999;31/05/2001
20482;0;84599;28/06/1999;31/05/2001
20482;0,04;84600;01/06/2001;31/08/2006
20482;0,03;84600;01/06/2001;31/08/2006
20482;0,02;84600;01/06/2001;31/08/2006
20482;0,01;84600;01/06/2001;31/08/2006
20482;0;84600;01/06/2001;31/08/2006
20482;0;84600;01/06/2001;31/08/2006
20508;0,01;84615;02/06/2000;31/08/2006
20508;0;84615;02/06/2000;31/08/2006
20508;0;84615;02/06/2000;31/08/2006
20789;0;84706;31/12/1999;30/10/2001
20789;0,01;84706;31/12/1999;30/10/2001
20789;0;84706;31/12/1999;30/10/2001
20789;0;84707;31/10/2001;29/11/2002
20789;0,02;84707;31/10/2001;29/11/2002
20789;0;84707;31/10/2001;29/11/2002
20795;0;84710;30/06/2000;30/05/2003
20795;0,02;84710;30/06/2000;30/05/2003
20795;0;84710;30/06/2000;30/05/2003
20802;0;84714;30/06/2000;30/05/2003
20802;0,02;84714;30/06/2000;30/05/2003
20802;0;84714;30/06/2000;30/05/2003
20819;0,05;84722;28/09/2001;30/09/2003
20819;0,04;84722;28/09/2001;30/09/2003
20819;0,03;84722;28/09/2001;30/09/2003
20819;0,02;84722;28/09/2001;30/09/2003
20819;0,01;84722;28/09/2001;30/09/2003
20819;0;84722;28/09/2001;30/09/2003
20819;0;84722;28/09/2001;30/09/2003
20839;0,05;84729;29/05/1992;28/08/2005
20839;0,04;84729;29/05/1992;28/08/2005
20839;0,03;84729;29/05/1992;28/08/2005
20839;0,02;84729;29/05/1992;28/08/2005
20839;0,01;84729;29/05/1992;28/08/2005
20839;0;84729;29/05/1992;28/08/2005
20839;0;84729;29/05/1992;28/08/2005
20839;0;84730;29/08/2005;31/10/2006
20839;0,02;84730;29/08/2005;31/10/2006
20839;0;84730;29/08/2005;31/10/2006
20855;0,05;84748;10/07/1992;28/06/2002
20855;0,04;84748;10/07/1992;28/06/2002
20855;0,03;84748;10/07/1992;28/06/2002
20855;0,02;84748;10/07/1992;28/06/2002
20855;0,01;84748;10/07/1992;28/06/2002
20855;0;84748;10/07/1992;28/06/2002
20855;0;84748;10/07/1992;28/06/2002
20903;0,05;84819;28/04/1997;31/03/2004
20903;0,04;84819;28/04/1997;31/03/2004
20903;0,03;84819;28/04/1997;31/03/2004
20903;0,02;84819;28/04/1997;31/03/2004
20903;0,01;84819;28/04/1997;31/03/2004
20903;0;84819;28/04/1997;31/03/2004
20903;0;84819;28/04/1997;31/03/2004
21036;0;84943;29/08/2005;28/04/2006
21036;0,02;84943;29/08/2005;28/04/2006
21036;0;84943;29/08/2005;28/04/2006
21062;0;84966;29/08/2005;31/03/2008
21062;0,02;84966;29/08/2005;31/03/2008
21062;0;84966;29/08/2005;31/03/2008
21090;0;84983;28/04/2006;30/06/2008
21090;0,02;84983;28/04/2006;30/06/2008
21090;0;84983;28/04/2006;30/06/2008
21092;0;84985;28/04/2006;30/06/2008
21092;0,02;84985;28/04/2006;30/06/2008
21092;0;84985;28/04/2006;30/06/2008
21095;0;84987;28/04/2006;30/06/2008
21095;0,02;84987;28/04/2006;30/06/2008
21095;0;84987;28/04/2006;30/06/2008
21097;0;84989;28/04/2006;30/06/2008
21097;0,02;84989;28/04/2006;30/06/2008
21097;0;84989;28/04/2006;30/06/2008
21145;0,05;85042;28/09/1998;28/06/2002
21145;0,04;85042;28/09/1998;28/06/2002
21145;0,03;85042;28/09/1998;28/06/2002
21145;0,02;85042;28/09/1998;28/06/2002
21145;0,01;85042;28/09/1998;28/06/2002
21145;0;85042;28/09/1998;28/06/2002
21145;0;85042;28/09/1998;28/06/2002
21149;0,05;85045;24/02/1999;28/08/2005
21149;0,04;85045;24/02/1999;28/08/2005
21149;0,03;85045;24/02/1999;28/08/2005
21149;0,02;85045;24/02/1999;28/08/2005
21149;0,01;85045;24/02/1999;28/08/2005
21149;0;85045;24/02/1999;28/08/2005
21149;0;85045;24/02/1999;28/08/2005
21149;0;85046;29/08/2005;29/12/2006
21149;0,02;85046;29/08/2005;29/12/2006
21149;0;85046;29/08/2005;29/12/2006
21161;0,05;85062;26/02/2001;31/10/2003
21161;0,04;85062;26/02/2001;31/10/2003
21161;0,03;85062;26/02/2001;31/10/2003
21161;0,02;85062;26/02/2001;31/10/2003
21161;0,01;85062;26/02/2001;31/10/2003
21161;0;85062;26/02/2001;31/10/2003
21161;0;85062;26/02/2001;31/10/2003
21193;0,05;85099;30/11/1994;24/08/2005
21193;0,04;85099;30/11/1994;24/08/2005
21193;0,03;85099;30/11/1994;24/08/2005
21193;0,02;85099;30/11/1994;24/08/2005
21193;0,01;85099;30/11/1994;24/08/2005
21193;0;85099;30/11/1994;24/08/2005
21193;0;85099;30/11/1994;24/08/2005
21193;0;85100;25/08/2005;31/10/2006
21193;0,02;85100;25/08/2005;31/10/2006
21193;0;85100;25/08/2005;31/10/2006
21201;0,05;85110;25/02/2000;31/10/2003
21201;0,04;85110;25/02/2000;31/10/2003
21201;0,03;85110;25/02/2000;31/10/2003
21201;0,02;85110;25/02/2000;31/10/2003
21201;0,01;85110;25/02/2000;31/10/2003
21201;0;85110;25/02/2000;31/10/2003
21201;0;85110;25/02/2000;31/10/2003
21205;0,05;85112;26/04/2000;31/10/2003
21205;0,04;85112;26/04/2000;31/10/2003
21205;0,03;85112;26/04/2000;31/10/2003
21205;0,02;85112;26/04/2000;31/10/2003
21205;0,01;85112;26/04/2000;31/10/2003
21205;0;85112;26/04/2000;31/10/2003
21205;0;85112;26/04/2000;31/10/2003
21225;0,05;85117;17/07/2001;28/08/2005
21225;0,04;85117;17/07/2001;28/08/2005
21225;0,03;85117;17/07/2001;28/08/2005
21225;0,02;85117;17/07/2001;28/08/2005
21225;0,01;85117;17/07/2001;28/08/2005
21225;0;85117;17/07/2001;28/08/2005
21225;0;85117;17/07/2001;28/08/2005
21225;0;85118;29/08/2005;28/04/2006
21225;0,02;85118;29/08/2005;28/04/2006
21225;0;85118;29/08/2005;28/04/2006
21432;0;85397;10/08/2004;28/02/2005
21432;0,02;85397;10/08/2004;28/02/2005
21432;0;85397;10/08/2004;28/02/2005
21463;0,05;85408;30/06/1998;28/02/2003
21463;0,04;85408;30/06/1998;28/02/2003
21463;0,03;85408;30/06/1998;28/02/2003
21463;0,02;85408;30/06/1998;28/02/2003
21463;0,01;85408;30/06/1998;28/02/2003
21463;0;85408;30/06/1998;28/02/2003
21463;0;85408;30/06/1998;28/02/2003
21546;0;85473;21/06/2001;29/07/2005
21546;0,02;85473;21/06/2001;29/07/2005
21546;0;85473;21/06/2001;29/07/2005
21670;0,01;85542;09/04/2001;30/06/2003
21670;0;85542;09/04/2001;30/06/2003
21670;0;85542;09/04/2001;30/06/2003
21985;0;85886;02/05/2005;31/03/2008
21985;0,02;85886;02/05/2005;31/03/2008
21985;0;85886;02/05/2005;31/03/2008
22875;0;86203;01/06/2004;30/06/2008
22875;0,02;86203;01/06/2004;30/06/2008
22875;0;86203;01/06/2004;30/06/2008
22881;0;86209;01/06/2004;30/06/2008
22881;0,02;86209;01/06/2004;30/06/2008
22881;0;86209;01/06/2004;30/06/2008
22885;0;86216;01/06/2004;31/03/2008
22885;0,02;86216;01/06/2004;31/03/2008
22885;0;86216;01/06/2004;31/03/2008
22889;0;86221;01/06/2004;31/03/2008
22889;0,02;86221;01/06/2004;31/03/2008
22889;0;86221;01/06/2004;31/03/2008
22892;0;86224;01/06/2004;31/03/2008
22892;0,02;86224;01/06/2004;31/03/2008
22892;0;86224;01/06/2004;31/03/2008
22893;0;86225;01/06/2004;31/03/2008
22893;0,02;86225;01/06/2004;31/03/2008
22893;0;86225;01/06/2004;31/03/2008
22895;0;86227;01/06/2004;31/03/2008
22895;0,02;86227;01/06/2004;31/03/2008
22895;0;86227;01/06/2004;31/03/2008
22896;0;86228;01/06/2004;31/03/2008
22896;0,02;86228;01/06/2004;31/03/2008
22896;0;86228;01/06/2004;31/03/2008
23399;0;86615;10/07/1992;31/12/2002
23399;0;86615;10/07/1992;31/12/2002
23409;0;86622;01/11/2002;29/04/2005
23409;0,01;86622;01/11/2002;29/04/2005
23409;0;86622;01/11/2002;29/04/2005
23414;0;86626;01/11/2002;31/03/2008
23414;0,01;86626;01/11/2002;31/03/2008
23414;0;86626;01/11/2002;31/03/2008
23415;0,05;86627;31/03/1999;31/03/2003
23415;0,04;86627;31/03/1999;31/03/2003
23415;0,03;86627;31/03/1999;31/03/2003
23415;0,02;86627;31/03/1999;31/03/2003
23415;0,01;86627;31/03/1999;31/03/2003
23415;0;86627;31/03/1999;31/03/2003
23415;0;86627;31/03/1999;31/03/2003
23427;0,01;86636;10/07/1998;31/10/2003
23427;0;86636;10/07/1998;31/10/2003
23427;0;86636;10/07/1998;31/10/2003
23444;0;86660;10/06/2002;30/09/2002
23444;0,01;86660;10/06/2002;30/09/2002
23444;0;86660;10/06/2002;30/09/2002
23859;0;87071;31/01/2003;29/02/2004
23859;0,01;87071;31/01/2003;29/02/2004
23859;0;87071;31/01/2003;29/02/2004
23859;0;87072;01/03/2004;30/03/2007
23859;0,02;87072;01/03/2004;30/03/2007
23859;0;87072;01/03/2004;30/03/2007
24131;0;87216;03/01/2002;29/08/2002
24131;0,02;87216;03/01/2002;29/08/2002
24131;0;87216;03/01/2002;29/08/2002
24131;0;87217;30/08/2002;31/03/2008
24131;0;87217;30/08/2002;31/03/2008
24162;0;87243;29/01/1999;31/03/2008
24162;0;87243;29/01/1999;31/03/2008
24213;0;87292;29/01/1999;31/10/2006
24213;0;87292;29/01/1999;31/10/2006
24230;0,05;87302;26/11/1996;31/07/2002
24230;0,04;87302;26/11/1996;31/07/2002
24230;0,03;87302;26/11/1996;31/07/2002
24230;0,02;87302;26/11/1996;31/07/2002
24230;0,01;87302;26/11/1996;31/07/2002
24230;0;87302;26/11/1996;31/07/2002
24230;0;87302;26/11/1996;31/07/2002
24350;0;87380;10/06/2002;29/08/2003
24350;0,01;87380;10/06/2002;29/08/2003
24350;0;87380;10/06/2002;29/08/2003
24392;0;87461;19/07/2002;31/10/2003
24392;0,01;87461;19/07/2002;31/10/2003
24392;0;87461;19/07/2002;31/10/2003
24392;0;87462;01/11/2003;05/02/2004
24392;0,01;87462;01/11/2003;05/02/2004
24392;0;87462;01/11/2003;05/02/2004
24392;0;87463;06/02/2004;30/11/2004
24392;0,02;87463;06/02/2004;30/11/2004
24392;0;87463;06/02/2004;30/11/2004
24638;0;87750;01/07/2002;30/06/2004
24638;0,02;87750;01/07/2002;30/06/2004
24638;0;87750;01/07/2002;30/06/2004
24638;0;87751;01/07/2004;29/12/2006
24638;0,02;87751;01/07/2004;29/12/2006
24638;0;87751;01/07/2004;29/12/2006
25460;0;88109;30/07/2001;28/07/2005
25460;0,01;88109;30/07/2001;28/07/2005
25460;0;88109;30/07/2001;28/07/2005
25460;0;88110;29/07/2005;30/12/2005
25460;0,01;88110;29/07/2005;30/12/2005
25460;0;88110;29/07/2005;30/12/2005
25470;0;88116;03/05/2004;31/03/2008
25470;0,01;88116;03/05/2004;31/03/2008
25470;0;88116;03/05/2004;31/03/2008
25486;0;88128;02/11/2000;30/09/2002
25486;0,02;88128;02/11/2000;30/09/2002
25486;0;88128;02/11/2000;30/09/2002
25487;0;88129;02/11/2000;30/09/2002
25487;0,02;88129;02/11/2000;30/09/2002
25487;0;88129;02/11/2000;30/09/2002
25492;0;88132;13/11/2001;29/12/2006
25492;0,02;88132;13/11/2001;29/12/2006
25492;0;88132;13/11/2001;29/12/2006
26345;0;89141;30/11/1998;17/12/2001
26345;0,01;89141;30/11/1998;17/12/2001
26345;0;89141;30/11/1998;17/12/2001
26345;0;89142;18/12/2001;11/08/2002
26345;0,015;89142;18/12/2001;11/08/2002
26345;0;89142;18/12/2001;11/08/2002
26345;0;89143;12/08/2002;30/03/2007
26345;0,02;89143;12/08/2002;30/03/2007
26345;0;89143;12/08/2002;30/03/2007
26357;0;89151;05/06/1996;17/12/2001
26357;0,01;89151;05/06/1996;17/12/2001
26357;0;89151;05/06/1996;17/12/2001
26357;0;89152;18/12/2001;11/08/2002
26357;0,015;89152;18/12/2001;11/08/2002
26357;0;89152;18/12/2001;11/08/2002
26357;0;89153;12/08/2002;30/03/2007
26357;0,02;89153;12/08/2002;30/03/2007
26357;0;89153;12/08/2002;30/03/2007
26358;0;89154;04/06/1996;17/12/2001
26358;0,01;89154;04/06/1996;17/12/2001
26358;0;89154;04/06/1996;17/12/2001
26358;0;89155;18/12/2001;11/08/2002
26358;0,015;89155;18/12/2001;11/08/2002
26358;0;89155;18/12/2001;11/08/2002
26358;0;89156;12/08/2002;30/03/2007
26358;0,02;89156;12/08/2002;30/03/2007
26358;0;89156;12/08/2002;30/03/2007
26359;0;89157;04/06/1996;17/12/2001
26359;0,01;89157;04/06/1996;17/12/2001
26359;0;89157;04/06/1996;17/12/2001
26359;0;89158;18/12/2001;11/08/2002
26359;0,015;89158;18/12/2001;11/08/2002
26359;0;89158;18/12/2001;11/08/2002
26359;0;89159;12/08/2002;30/03/2007
26359;0,02;89159;12/08/2002;30/03/2007
26359;0;89159;12/08/2002;30/03/2007
26371;0,05;89166;28/08/1996;31/03/2004
26371;0,04;89166;28/08/1996;31/03/2004
26371;0,03;89166;28/08/1996;31/03/2004
26371;0,02;89166;28/08/1996;31/03/2004
26371;0,01;89166;28/08/1996;31/03/2004
26371;0;89166;28/08/1996;31/03/2004
26371;0;89166;28/08/1996;31/03/2004
26372;0,05;89167;01/10/1996;31/03/2004
26372;0,04;89167;01/10/1996;31/03/2004
26372;0,03;89167;01/10/1996;31/03/2004
26372;0,02;89167;01/10/1996;31/03/2004
26372;0,01;89167;01/10/1996;31/03/2004
26372;0;89167;01/10/1996;31/03/2004
26372;0;89167;01/10/1996;31/03/2004
26374;0,05;89169;02/05/1997;31/03/2004
26374;0,04;89169;02/05/1997;31/03/2004
26374;0,03;89169;02/05/1997;31/03/2004
26374;0,02;89169;02/05/1997;31/03/2004
26374;0,01;89169;02/05/1997;31/03/2004
26374;0;89169;02/05/1997;31/03/2004
26374;0;89169;02/05/1997;31/03/2004
26416;0,03;11695;31/12/1997;30/11/2001
26416;-99;11695;31/12/1997;30/11/2001
26416;0;11695;31/12/1997;30/11/2001
26416;0,03;93532;01/06/1997;31/03/2008
26416;0,02;93532;01/06/1997;31/03/2008
26416;0,01;93532;01/06/1997;31/03/2008
26416;0;93532;01/06/1997;31/03/2008
26416;0;93532;01/06/1997;31/03/2008
26416;0,05;93533;01/12/2001;31/03/2008
26416;0,04;93533;01/12/2001;31/03/2008
26416;0,03;93533;01/12/2001;31/03/2008
26416;0,02;93533;01/12/2001;31/03/2008
26416;0,01;93533;01/12/2001;31/03/2008
26416;0;93533;01/12/2001;31/03/2008
26416;0;93533;01/12/2001;31/03/2008
26420;0,03;89180;01/06/1997;30/11/2001
26420;0,02;89180;01/06/1997;30/11/2001
26420;0,01;89180;01/06/1997;30/11/2001
26420;0;89180;01/06/1997;30/11/2001
26420;0;89180;01/06/1997;30/11/2001
26420;0,05;89181;01/12/2001;30/06/2004
26420;0,04;89181;01/12/2001;30/06/2004
26420;0,03;89181;01/12/2001;30/06/2004
26420;0,02;89181;01/12/2001;30/06/2004
26420;0,01;89181;01/12/2001;30/06/2004
26420;0;89181;01/12/2001;30/06/2004
26420;0;89181;01/12/2001;30/06/2004
26450;0,03;89202;15/03/1999;30/11/2001
26450;0,02;89202;15/03/1999;30/11/2001
26450;0,01;89202;15/03/1999;30/11/2001
26450;0;89202;15/03/1999;30/11/2001
26450;0;89202;15/03/1999;30/11/2001
26450;0,05;89203;01/12/2001;30/06/2004
26450;0,04;89203;01/12/2001;30/06/2004
26450;0,03;89203;01/12/2001;30/06/2004
26450;0,02;89203;01/12/2001;30/06/2004
26450;0,01;89203;01/12/2001;30/06/2004
26450;0;89203;01/12/2001;30/06/2004
26450;0;89203;01/12/2001;30/06/2004
26489;0,02;89211;30/06/1998;30/09/2003
26489;0;89211;30/06/1998;30/09/2003
26489;0;89211;30/06/1998;30/09/2003
26493;0,02;89212;30/06/1998;30/09/2003
26493;0;89212;30/06/1998;30/09/2003
26493;0;89212;30/06/1998;30/09/2003
26494;0,02;89213;20/12/1999;29/11/2002
26494;0;89213;20/12/1999;29/11/2002
26494;0;89213;20/12/1999;29/11/2002
26948;0;89355;23/10/1998;31/10/2003
26948;0,02;89355;23/10/1998;31/10/2003
26948;0;89355;23/10/1998;31/10/2003
26968;0;89385;15/04/2002;30/04/2004
26968;0,01;89385;15/04/2002;30/04/2004
26968;0;89385;15/04/2002;30/04/2004
27120;0,05;89475;26/09/1997;31/12/2004
27120;0,045;89475;26/09/1997;31/12/2004
27120;0,04;89475;26/09/1997;31/12/2004
27120;0,035;89475;26/09/1997;31/12/2004
27120;0,025;89475;26/09/1997;31/12/2004
27120;0,015;89475;26/09/1997;31/12/2004
27120;0;89475;26/09/1997;31/12/2004
27120;0;89475;26/09/1997;31/12/2004
27833;0;89900;01/07/2004;31/12/2004
27833;0,02;89900;01/07/2004;31/12/2004
27833;0;89900;01/07/2004;31/12/2004
27842;0,05;89911;30/04/1998;29/08/2003
27842;0,04;89911;30/04/1998;29/08/2003
27842;0,03;89911;30/04/1998;29/08/2003
27842;0,02;89911;30/04/1998;29/08/2003
27842;0,01;89911;30/04/1998;29/08/2003
27842;0;89911;30/04/1998;29/08/2003
27842;0;89911;30/04/1998;29/08/2003
27846;0;89912;01/07/2004;31/12/2004
27846;0,02;89912;01/07/2004;31/12/2004
27846;0;89912;01/07/2004;31/12/2004
27857;0;89920;01/07/2004;31/12/2004
27857;0,02;89920;01/07/2004;31/12/2004
27857;0;89920;01/07/2004;31/12/2004
27866;0;89930;01/07/2002;30/06/2004
27866;0,02;89930;01/07/2002;30/06/2004
27866;0;89930;01/07/2002;30/06/2004
27866;0;89931;01/07/2004;31/12/2004
27866;0,02;89931;01/07/2004;31/12/2004
27866;0;89931;01/07/2004;31/12/2004
27898;0,05;89946;25/10/1999;28/04/2006
27898;0,04;89946;25/10/1999;28/04/2006
27898;0,03;89946;25/10/1999;28/04/2006
27898;0,02;89946;25/10/1999;28/04/2006
27898;0,01;89946;25/10/1999;28/04/2006
27898;0;89946;25/10/1999;28/04/2006
27898;0;89946;25/10/1999;28/04/2006
28066;0;90057;01/05/2004;28/04/2006
28066;0,02;90057;01/05/2004;28/04/2006
28066;0;90057;01/05/2004;28/04/2006
28077;0;90067;01/05/2004;29/10/2004
28077;0,02;90067;01/05/2004;29/10/2004
28077;0;90067;01/05/2004;29/10/2004
28093;0;90074;01/05/2004;30/06/2004
28093;0,02;90074;01/05/2004;30/06/2004
28093;0;90074;01/05/2004;30/06/2004
28200;0;90160;04/02/2005;30/09/2005
28200;0,02;90160;04/02/2005;30/09/2005
28200;0;90160;04/02/2005;30/09/2005
28212;0;90172;04/02/2005;29/04/2005
28212;0,02;90172;04/02/2005;29/04/2005
28212;0;90172;04/02/2005;29/04/2005
28215;0;90177;01/02/2005;31/03/2005
28215;0,02;90177;01/02/2005;31/03/2005
28215;0;90177;01/02/2005;31/03/2005
28253;0;90222;01/12/2002;03/02/2005
28253;0,02;90222;01/12/2002;03/02/2005
28253;0;90222;01/12/2002;03/02/2005
28253;0;90223;04/02/2005;30/09/2005
28253;0,02;90223;04/02/2005;30/09/2005
28253;0;90223;04/02/2005;30/09/2005
28254;0;90224;17/09/1998;31/12/2004
28254;0,01;90224;17/09/1998;31/12/2004
28254;0;90224;17/09/1998;31/12/2004
28388;0,01;90301;03/05/1993;30/06/2008
28388;0;90301;03/05/1993;30/06/2008
28388;0;90301;03/05/1993;30/06/2008
28562;0,01;90457;25/04/1997;30/06/2008
28562;0;90457;25/04/1997;30/06/2008
28562;0;90457;25/04/1997;30/06/2008
28565;0,01;90459;25/04/1997;30/06/2008
28565;0;90459;25/04/1997;30/06/2008
28565;0;90459;25/04/1997;30/06/2008
28741;0,01;90555;27/10/2000;31/03/2005
28741;0;90555;27/10/2000;31/03/2005
28741;0;90555;27/10/2000;31/03/2005
28767;0;90561;01/06/2004;31/10/2006
28767;0,02;90561;01/06/2004;31/10/2006
28767;0;90561;01/06/2004;31/10/2006
29060;0,05;90681;22/11/2000;28/02/2007
29060;0,04;90681;22/11/2000;28/02/2007
29060;0,03;90681;22/11/2000;28/02/2007
29060;0,02;90681;22/11/2000;28/02/2007
29060;0,01;90681;22/11/2000;28/02/2007
29060;0;90681;22/11/2000;28/02/2007
29060;0;90681;22/11/2000;28/02/2007
29065;0,05;90686;03/06/2002;30/11/2005
29065;0,04;90686;03/06/2002;30/11/2005
29065;0,03;90686;03/06/2002;30/11/2005
29065;0,02;90686;03/06/2002;30/11/2005
29065;0,01;90686;03/06/2002;30/11/2005
29065;0;90686;03/06/2002;30/11/2005
29065;0;90686;03/06/2002;30/11/2005
29072;0,06;90688;01/11/1999;31/08/2005
29072;0,05;90688;01/11/1999;31/08/2005
29072;0,04;90688;01/11/1999;31/08/2005
29072;0,03;90688;01/11/1999;31/08/2005
29072;0,02;90688;01/11/1999;31/08/2005
29072;0,01;90688;01/11/1999;31/08/2005
29072;0;90688;01/11/1999;31/08/2005
29072;0;90688;01/11/1999;31/08/2005
29077;0,06;90691;19/08/1998;28/02/2007
29077;0,05;90691;19/08/1998;28/02/2007
29077;0,04;90691;19/08/1998;28/02/2007
29077;0,03;90691;19/08/1998;28/02/2007
29077;0,02;90691;19/08/1998;28/02/2007
29077;0,01;90691;19/08/1998;28/02/2007
29077;0;90691;19/08/1998;28/02/2007
29077;0;90691;19/08/1998;28/02/2007
29087;0,06;90697;29/07/1997;31/10/2005
29087;0,05;90697;29/07/1997;31/10/2005
29087;0,04;90697;29/07/1997;31/10/2005
29087;0,03;90697;29/07/1997;31/10/2005
29087;0,02;90697;29/07/1997;31/10/2005
29087;0,01;90697;29/07/1997;31/10/2005
29087;0;90697;29/07/1997;31/10/2005
29087;0;90697;29/07/1997;31/10/2005
29089;0,06;90699;11/09/2000;28/02/2007
29089;0,05;90699;11/09/2000;28/02/2007
29089;0,04;90699;11/09/2000;28/02/2007
29089;0,03;90699;11/09/2000;28/02/2007
29089;0,02;90699;11/09/2000;28/02/2007
29089;0,01;90699;11/09/2000;28/02/2007
29089;0;90699;11/09/2000;28/02/2007
29089;0;90699;11/09/2000;28/02/2007
29096;0,06;90705;29/07/1997;31/03/2008
29096;0,05;90705;29/07/1997;31/03/2008
29096;0,04;90705;29/07/1997;31/03/2008
29096;0,03;90705;29/07/1997;31/03/2008
29096;0,02;90705;29/07/1997;31/03/2008
29096;0,01;90705;29/07/1997;31/03/2008
29096;0;90705;29/07/1997;31/03/2008
29096;0;90705;29/07/1997;31/03/2008
29134;0,06;90731;01/03/2001;28/02/2007
29134;0,05;90731;01/03/2001;28/02/2007
29134;0,04;90731;01/03/2001;28/02/2007
29134;0,03;90731;01/03/2001;28/02/2007
29134;0,02;90731;01/03/2001;28/02/2007
29134;0,01;90731;01/03/2001;28/02/2007
29134;0;90731;01/03/2001;28/02/2007
29134;0;90731;01/03/2001;28/02/2007
29191;0,05;90763;03/11/1999;28/02/2007
29191;0,04;90763;03/11/1999;28/02/2007
29191;0,03;90763;03/11/1999;28/02/2007
29191;0,02;90763;03/11/1999;28/02/2007
29191;0,01;90763;03/11/1999;28/02/2007
29191;0;90763;03/11/1999;28/02/2007
29191;0;90763;03/11/1999;28/02/2007
29202;0,05;90773;03/11/1999;31/10/2005
29202;0,04;90773;03/11/1999;31/10/2005
29202;0,03;90773;03/11/1999;31/10/2005
29202;0,02;90773;03/11/1999;31/10/2005
29202;0,01;90773;03/11/1999;31/10/2005
29202;0;90773;03/11/1999;31/10/2005
29202;0;90773;03/11/1999;31/10/2005
29398;0,05;90897;02/11/1998;06/07/2000
29398;0,04;90897;02/11/1998;06/07/2000
29398;0,03;90897;02/11/1998;06/07/2000
29398;0,02;90897;02/11/1998;06/07/2000
29398;0,01;90897;02/11/1998;06/07/2000
29398;0;90897;02/11/1998;06/07/2000
29398;0;90897;02/11/1998;06/07/2000
29398;0,05;90898;07/07/2000;01/01/2002
29398;0,04;90898;07/07/2000;01/01/2002
29398;0,03;90898;07/07/2000;01/01/2002
29398;0,02;90898;07/07/2000;01/01/2002
29398;0,01;90898;07/07/2000;01/01/2002
29398;0;90898;07/07/2000;01/01/2002
29398;0;90898;07/07/2000;01/01/2002
29398;0,04;90899;02/01/2002;27/02/2004
29398;0,03;90899;02/01/2002;27/02/2004
29398;0,02;90899;02/01/2002;27/02/2004
29398;0,01;90899;02/01/2002;27/02/2004
29398;0;90899;02/01/2002;27/02/2004
29398;0;90899;02/01/2002;27/02/2004
29435;0,04;90945;19/11/1996;05/12/2000
29435;0,03;90945;19/11/1996;05/12/2000
29435;0,02;90945;19/11/1996;05/12/2000
29435;0,01;90945;19/11/1996;05/12/2000
29435;0;90945;19/11/1996;05/12/2000
29435;0;90945;19/11/1996;05/12/2000
29435;0,05;90946;06/12/2000;01/01/2002
29435;0,04;90946;06/12/2000;01/01/2002
29435;0,03;90946;06/12/2000;01/01/2002
29435;0,02;90946;06/12/2000;01/01/2002
29435;0,01;90946;06/12/2000;01/01/2002
29435;0;90946;06/12/2000;01/01/2002
29435;0;90946;06/12/2000;01/01/2002
29435;0,04;90947;02/01/2002;30/08/2002
29435;0,03;90947;02/01/2002;30/08/2002
29435;0,02;90947;02/01/2002;30/08/2002
29435;0,01;90947;02/01/2002;30/08/2002
29435;0;90947;02/01/2002;30/08/2002
29435;0;90947;02/01/2002;30/08/2002
29543;0;91006;31/08/2000;19/08/2004
29543;0,0075;91006;31/08/2000;19/08/2004
29543;0;91006;31/08/2000;19/08/2004
29543;0;91007;20/08/2004;29/07/2005
29543;0,02;91007;20/08/2004;29/07/2005
29543;0;91007;20/08/2004;29/07/2005
29547;0;91013;31/08/2000;30/09/2003
29547;0,01;91013;31/08/2000;30/09/2003
29547;0;91013;31/08/2000;30/09/2003
29548;0;91014;20/08/2004;29/07/2005
29548;0,02;91014;20/08/2004;29/07/2005
29548;0;91014;20/08/2004;29/07/2005
30008;0;91307;08/10/2003;31/10/2006
30008;0,02;91307;08/10/2003;31/10/2006
30008;0;91307;08/10/2003;31/10/2006
30010;0;91311;01/07/2003;31/10/2006
30010;0,02;91311;01/07/2003;31/10/2006
30010;0;91311;01/07/2003;31/10/2006
30109;0,01;91323;01/02/1995;31/10/2003
30109;0;91323;01/02/1995;31/10/2003
30109;0;91323;01/02/1995;31/10/2003
30203;0,01;91364;30/06/1998;31/10/2002
30203;0;91364;30/06/1998;31/10/2002
30203;0;91364;30/06/1998;31/10/2002
30239;0,05;91414;14/07/2000;29/02/2004
30239;0,04;91414;14/07/2000;29/02/2004
30239;0,03;91414;14/07/2000;29/02/2004
30239;0,02;91414;14/07/2000;29/02/2004
30239;0,01;91414;14/07/2000;29/02/2004
30239;0;91414;14/07/2000;29/02/2004
30239;0;91414;14/07/2000;29/02/2004
30239;0,05;91415;01/03/2004;30/09/2004
30239;0,04;91415;01/03/2004;30/09/2004
30239;0,03;91415;01/03/2004;30/09/2004
30239;0,02;91415;01/03/2004;30/09/2004
30239;0,01;91415;01/03/2004;30/09/2004
30239;0;91415;01/03/2004;30/09/2004
30239;0;91415;01/03/2004;30/09/2004
30239;0;91416;01/10/2004;31/10/2006
30239;0,02;91416;01/10/2004;31/10/2006
30239;0;91416;01/10/2004;31/10/2006
30282;0;91482;01/10/2004;31/10/2006
30282;0,02;91482;01/10/2004;31/10/2006
30282;0;91482;01/10/2004;31/10/2006
30292;0,05;91494;01/03/1999;14/12/2000
30292;0;91494;01/03/1999;14/12/2000
30292;0;91494;01/03/1999;14/12/2000
30292;0,05;91495;15/12/2000;29/02/2004
30292;0,04;91495;15/12/2000;29/02/2004
30292;0,03;91495;15/12/2000;29/02/2004
30292;0,02;91495;15/12/2000;29/02/2004
30292;0,01;91495;15/12/2000;29/02/2004
30292;0;91495;15/12/2000;29/02/2004
30292;0;91495;15/12/2000;29/02/2004
30292;0,05;91496;01/03/2004;30/09/2004
30292;0,04;91496;01/03/2004;30/09/2004
30292;0,03;91496;01/03/2004;30/09/2004
30292;0,02;91496;01/03/2004;30/09/2004
30292;0,01;91496;01/03/2004;30/09/2004
30292;0;91496;01/03/2004;30/09/2004
30292;0;91496;01/03/2004;30/09/2004
30292;0;91497;01/10/2004;28/02/2007
30292;0,02;91497;01/10/2004;28/02/2007
30292;0;91497;01/10/2004;28/02/2007
30298;0;91506;01/10/2004;28/02/2007
30298;0,02;91506;01/10/2004;28/02/2007
30298;0;91506;01/10/2004;28/02/2007
30305;0,01;91515;01/03/1999;30/09/2004
30305;0;91515;01/03/1999;30/09/2004
30305;0;91515;01/03/1999;30/09/2004
30311;0,01;91526;01/03/1999;30/09/2004
30311;0;91526;01/03/1999;30/09/2004
30311;0;91526;01/03/1999;30/09/2004
30319;0,05;91536;01/07/2002;31/03/2008
30319;0,04;91536;01/07/2002;31/03/2008
30319;0,03;91536;01/07/2002;31/03/2008
30319;0;91536;01/07/2002;31/03/2008
30319;0;91536;01/07/2002;31/03/2008
30335;0,05;91556;01/03/1999;29/02/2004
30335;0,04;91556;01/03/1999;29/02/2004
30335;0,03;91556;01/03/1999;29/02/2004
30335;0,02;91556;01/03/1999;29/02/2004
30335;0,01;91556;01/03/1999;29/02/2004
30335;0;91556;01/03/1999;29/02/2004
30335;0;91556;01/03/1999;29/02/2004
30335;0,05;91557;01/03/2004;28/05/2004
30335;0,04;91557;01/03/2004;28/05/2004
30335;0,03;91557;01/03/2004;28/05/2004
30335;0,02;91557;01/03/2004;28/05/2004
30335;0,01;91557;01/03/2004;28/05/2004
30335;0;91557;01/03/2004;28/05/2004
30335;0;91557;01/03/2004;28/05/2004
30337;0,01;91558;01/03/1999;30/09/2004
30337;0;91558;01/03/1999;30/09/2004
30337;0;91558;01/03/1999;30/09/2004
30348;0,05;91570;15/12/2000;29/02/2004
30348;0,04;91570;15/12/2000;29/02/2004
30348;0,03;91570;15/12/2000;29/02/2004
30348;0,02;91570;15/12/2000;29/02/2004
30348;0,01;91570;15/12/2000;29/02/2004
30348;0;91570;15/12/2000;29/02/2004
30348;0;91570;15/12/2000;29/02/2004
30348;0,05;91571;01/03/2004;28/05/2004
30348;0,04;91571;01/03/2004;28/05/2004
30348;0,03;91571;01/03/2004;28/05/2004
30348;0,02;91571;01/03/2004;28/05/2004
30348;0,01;91571;01/03/2004;28/05/2004
30348;0;91571;01/03/2004;28/05/2004
30348;0;91571;01/03/2004;28/05/2004
30349;0,01;91572;01/03/1999;30/09/2004
30349;0;91572;01/03/1999;30/09/2004
30349;0;91572;01/03/1999;30/09/2004
30405;0,01;91606;01/03/2000;30/09/2004
30405;0;91606;01/03/2000;30/09/2004
30405;0;91606;01/03/2000;30/09/2004
30411;0,01;91614;01/03/2000;30/09/2004
30411;0;91614;01/03/2000;30/09/2004
30411;0;91614;01/03/2000;30/09/2004
30451;0,01;91629;31/12/1999;30/09/2002
30451;0;91629;31/12/1999;30/09/2002
30451;0;91629;31/12/1999;30/09/2002
30502;0;91633;28/06/2006;31/03/2008
30502;0,02;91633;28/06/2006;31/03/2008
30502;0;91633;28/06/2006;31/03/2008
30514;0;91638;01/11/1999;28/03/2002
30514;0,01;91638;01/11/1999;28/03/2002
30514;0;91638;01/11/1999;28/03/2002
30780;0;91860;02/01/2003;30/06/2005
30780;0,02;91860;02/01/2003;30/06/2005
30780;0;91860;02/01/2003;30/06/2005
30826;0;91889;01/01/2002;30/12/2005
30826;0,02;91889;01/01/2002;30/12/2005
30826;0;91889;01/01/2002;30/12/2005
31012;0,05;91991;02/01/1997;29/04/2005
31012;0,04;91991;02/01/1997;29/04/2005
31012;0,03;91991;02/01/1997;29/04/2005
31012;0,025;91991;02/01/1997;29/04/2005
31012;0,015;91991;02/01/1997;29/04/2005
31012;0;91991;02/01/1997;29/04/2005
31012;0;91991;02/01/1997;29/04/2005
31025;0,05;92004;25/10/1999;30/06/2004
31025;0,04;92004;25/10/1999;30/06/2004
31025;0,03;92004;25/10/1999;30/06/2004
31025;0,025;92004;25/10/1999;30/06/2004
31025;0,015;92004;25/10/1999;30/06/2004
31025;0;92004;25/10/1999;30/06/2004
31025;0;92004;25/10/1999;30/06/2004
31725;0;92443;01/07/2003;31/03/2008
31725;0,01;92443;01/07/2003;31/03/2008
31725;0;92443;01/07/2003;31/03/2008
31976;0;92612;01/05/2004;31/12/2004
31976;0,02;92612;01/05/2004;31/12/2004
31976;0;92612;01/05/2004;31/12/2004
32408;0;92821;01/12/2001;30/06/2003
32408;0,02;92821;01/12/2001;30/06/2003
32408;0;92821;01/12/2001;30/06/2003
32517;0;92847;01/10/1998;30/10/2002
32517;0,01;92847;01/10/1998;30/10/2002
32517;0;92847;01/10/1998;30/10/2002
32517;0;92848;31/10/2002;31/08/2006
32517;0;92848;31/10/2002;31/08/2006
44677;0,05;97472;02/12/1999;21/03/2003
44677;0,04;97472;02/12/1999;21/03/2003
44677;0,03;97472;02/12/1999;21/03/2003
44677;0,02;97472;02/12/1999;21/03/2003
44677;0,01;97472;02/12/1999;21/03/2003
44677;0;97472;02/12/1999;21/03/2003
44677;0;97472;02/12/1999;21/03/2003
44738;0,04;97481;22/12/1999;25/04/2003
44738;0,03;97481;22/12/1999;25/04/2003
44738;0,02;97481;22/12/1999;25/04/2003
44738;0,01;97481;22/12/1999;25/04/2003
44738;0;97481;22/12/1999;25/04/2003
44738;0;97481;22/12/1999;25/04/2003
44742;0,04;97483;22/12/1999;25/04/2003
44742;0,03;97483;22/12/1999;25/04/2003
44742;0,02;97483;22/12/1999;25/04/2003
44742;0,01;97483;22/12/1999;25/04/2003
44742;0;97483;22/12/1999;25/04/2003
44742;0;97483;22/12/1999;25/04/2003
45022;0;97594;10/06/2002;16/12/2002
45022;0,01;97594;10/06/2002;16/12/2002
45022;0;97594;10/06/2002;16/12/2002
45052;0,06;97610;01/03/2001;19/12/2003
45052;0,05;97610;01/03/2001;19/12/2003
45052;0,04;97610;01/03/2001;19/12/2003
45052;0,03;97610;01/03/2001;19/12/2003
45052;0,02;97610;01/03/2001;19/12/2003
45052;0,01;97610;01/03/2001;19/12/2003
45052;0;97610;01/03/2001;19/12/2003
45052;0;97610;01/03/2001;19/12/2003
45057;0,01;97614;01/03/2001;07/05/2004
45057;0;97614;01/03/2001;07/05/2004
45057;0;97614;01/03/2001;07/05/2004
45160;0,05;97669;01/10/2001;10/03/2006
45160;0,04;97669;01/10/2001;10/03/2006
45160;0,03;97669;01/10/2001;10/03/2006
45160;0,02;97669;01/10/2001;10/03/2006
45160;0,01;97669;01/10/2001;10/03/2006
45160;0;97669;01/10/2001;10/03/2006
45160;0;97669;01/10/2001;10/03/2006
45232;0;97702;29/11/2001;16/01/2002
45232;0,01;97702;29/11/2001;16/01/2002
45232;0;97702;29/11/2001;16/01/2002
45232;0;97703;17/01/2002;31/12/2003
45232;0;97703;17/01/2002;31/12/2003
45249;0;97713;01/10/2001;21/11/2003
45249;0,02;97713;01/10/2001;21/11/2003
45249;0;97713;01/10/2001;21/11/2003
45253;0;97717;01/10/2001;21/11/2003
45253;0,02;97717;01/10/2001;21/11/2003
45253;0;97717;01/10/2001;21/11/2003
45276;0;97730;01/07/2004;21/01/2005
45276;0,02;97730;01/07/2004;21/01/2005
45276;0;97730;01/07/2004;21/01/2005
45362;0;97770;01/01/2004;18/02/2005
45362;0,02;97770;01/01/2004;18/02/2005
45362;0;97770;01/01/2004;18/02/2005
45366;0,05;97774;09/12/2002;31/12/2003
45366;0,04;97774;09/12/2002;31/12/2003
45366;0,03;97774;09/12/2002;31/12/2003
45366;0,02;97774;09/12/2002;31/12/2003
45366;0,01;97774;09/12/2002;31/12/2003
45366;0;97774;09/12/2002;31/12/2003
45366;0;97774;09/12/2002;31/12/2003
45366;0;97775;01/01/2004;18/02/2005
45366;0,02;97775;01/01/2004;18/02/2005
45366;0;97775;01/01/2004;18/02/2005
45532;0;97833;08/09/2004;13/10/2006
45532;0,02;97833;08/09/2004;13/10/2006
45532;0;97833;08/09/2004;13/10/2006
45585;0;97855;10/01/2005;22/06/2007
45585;0,02;97855;10/01/2005;22/06/2007
45585;0;97855;10/01/2005;22/06/2007
