KYCRSP_FUNDNO;FRONT_LOAD;FRONT_GROUP_NO;FFLBEGDT;FFLENDDT
2775;0,04;44938;20/03/2000;14/06/2002
2775;0,0325;44938;20/03/2000;14/06/2002
2775;0,025;44938;20/03/2000;14/06/2002
2775;0,0175;44938;20/03/2000;14/06/2002
2775;0,01;44938;20/03/2000;14/06/2002
2775;0;44938;20/03/2000;14/06/2002
2775;0;44939;15/06/2002;31/03/2004
2911;0,055;44963;31/12/2001;31/03/2006
2911;0,0525;44963;31/12/2001;31/03/2006
2911;0,0475;44963;31/12/2001;31/03/2006
2911;0,0375;44963;31/12/2001;31/03/2006
2911;0,03;44963;31/12/2001;31/03/2006
2911;0,02;44963;31/12/2001;31/03/2006
2911;0;44963;31/12/2001;31/03/2006
2932;0,055;44965;31/12/2001;29/07/2005
2932;0,0525;44965;31/12/2001;29/07/2005
2932;0,0475;44965;31/12/2001;29/07/2005
2932;0,0375;44965;31/12/2001;29/07/2005
2932;0,03;44965;31/12/2001;29/07/2005
2932;0,02;44965;31/12/2001;29/07/2005
2932;0;44965;31/12/2001;29/07/2005
2933;0,055;44966;31/12/2001;28/04/2006
2933;0,0525;44966;31/12/2001;28/04/2006
2933;0,0475;44966;31/12/2001;28/04/2006
2933;0,0375;44966;31/12/2001;28/04/2006
2933;0,03;44966;31/12/2001;28/04/2006
2933;0,02;44966;31/12/2001;28/04/2006
2933;0;44966;31/12/2001;28/04/2006
2941;0,055;44969;10/07/1992;30/12/2001
2941;0,0525;44969;10/07/1992;30/12/2001
2941;0,0475;44969;10/07/1992;30/12/2001
2941;0,0375;44969;10/07/1992;30/12/2001
2941;0,03;44969;10/07/1992;30/12/2001
2941;0,02;44969;10/07/1992;30/12/2001
2941;0,01;44969;10/07/1992;30/12/2001
2941;0;44969;10/07/1992;30/12/2001
2941;0,055;44970;31/12/2001;31/03/2006
2941;0,0525;44970;31/12/2001;31/03/2006
2941;0,0475;44970;31/12/2001;31/03/2006
2941;0,0375;44970;31/12/2001;31/03/2006
2941;0,03;44970;31/12/2001;31/03/2006
2941;0,02;44970;31/12/2001;31/03/2006
2941;0;44970;31/12/2001;31/03/2006
2958;0,055;44974;31/12/2001;31/03/2006
2958;0,0525;44974;31/12/2001;31/03/2006
2958;0,0475;44974;31/12/2001;31/03/2006
2958;0,0375;44974;31/12/2001;31/03/2006
2958;0,03;44974;31/12/2001;31/03/2006
2958;0,02;44974;31/12/2001;31/03/2006
2958;0;44974;31/12/2001;31/03/2006
3120;0,055;45022;01/11/2002;29/07/2005
3120;0,0525;45022;01/11/2002;29/07/2005
3120;0,0475;45022;01/11/2002;29/07/2005
3120;0,0375;45022;01/11/2002;29/07/2005
3120;0,03;45022;01/11/2002;29/07/2005
3120;0,02;45022;01/11/2002;29/07/2005
3120;0;45022;01/11/2002;29/07/2005
3302;0,0575;45068;01/06/2000;27/05/2003
3302;0,0475;45068;01/06/2000;27/05/2003
3302;0,0375;45068;01/06/2000;27/05/2003
3302;0,025;45068;01/06/2000;27/05/2003
3302;0,02;45068;01/06/2000;27/05/2003
3302;0;45068;01/06/2000;27/05/2003
3302;0,0575;45069;28/05/2003;30/06/2004
3302;0,0475;45069;28/05/2003;30/06/2004
3302;0,035;45069;28/05/2003;30/06/2004
3302;0,025;45069;28/05/2003;30/06/2004
3302;0,02;45069;28/05/2003;30/06/2004
3302;0;45069;28/05/2003;30/06/2004
3305;0,0575;45070;01/06/2000;27/05/2003
3305;0,0475;45070;01/06/2000;27/05/2003
3305;0,0375;45070;01/06/2000;27/05/2003
3305;0,025;45070;01/06/2000;27/05/2003
3305;0,02;45070;01/06/2000;27/05/2003
3305;0;45070;01/06/2000;27/05/2003
3305;0,0575;45071;28/05/2003;31/03/2006
3305;0,0475;45071;28/05/2003;31/03/2006
3305;0,035;45071;28/05/2003;31/03/2006
3305;0,025;45071;28/05/2003;31/03/2006
3305;0,02;45071;28/05/2003;31/03/2006
3305;0;45071;28/05/2003;31/03/2006
3313;0,0575;45074;01/06/2000;27/05/2003
3313;0,0475;45074;01/06/2000;27/05/2003
3313;0,0375;45074;01/06/2000;27/05/2003
3313;0,025;45074;01/06/2000;27/05/2003
3313;0,02;45074;01/06/2000;27/05/2003
3313;0;45074;01/06/2000;27/05/2003
3313;0,0575;45075;28/05/2003;30/06/2004
3313;0,0475;45075;28/05/2003;30/06/2004
3313;0,035;45075;28/05/2003;30/06/2004
3313;0,025;45075;28/05/2003;30/06/2004
3313;0,02;45075;28/05/2003;30/06/2004
3313;0;45075;28/05/2003;30/06/2004
3317;0,0575;45076;01/06/2000;27/05/2003
3317;0,0475;45076;01/06/2000;27/05/2003
3317;0,0375;45076;01/06/2000;27/05/2003
3317;0,025;45076;01/06/2000;27/05/2003
3317;0,02;45076;01/06/2000;27/05/2003
3317;0;45076;01/06/2000;27/05/2003
3317;0,0575;45077;28/05/2003;31/03/2006
3317;0,0475;45077;28/05/2003;31/03/2006
3317;0,035;45077;28/05/2003;31/03/2006
3317;0,025;45077;28/05/2003;31/03/2006
3317;0,02;45077;28/05/2003;31/03/2006
3317;0;45077;28/05/2003;31/03/2006
3320;0,0575;45078;26/06/2000;27/05/2003
3320;0,0475;45078;26/06/2000;27/05/2003
3320;0,0375;45078;26/06/2000;27/05/2003
3320;0,025;45078;26/06/2000;27/05/2003
3320;0,02;45078;26/06/2000;27/05/2003
3320;0;45078;26/06/2000;27/05/2003
3320;0,0575;45079;28/05/2003;30/06/2004
3320;0,0475;45079;28/05/2003;30/06/2004
3320;0,035;45079;28/05/2003;30/06/2004
3320;0,025;45079;28/05/2003;30/06/2004
3320;0,02;45079;28/05/2003;30/06/2004
3320;0;45079;28/05/2003;30/06/2004
3325;0,0575;45080;26/06/2000;27/05/2003
3325;0,0475;45080;26/06/2000;27/05/2003
3325;0,0375;45080;26/06/2000;27/05/2003
3325;0,025;45080;26/06/2000;27/05/2003
3325;0,02;45080;26/06/2000;27/05/2003
3325;0;45080;26/06/2000;27/05/2003
3325;0,0575;45081;28/05/2003;30/06/2004
3325;0,0475;45081;28/05/2003;30/06/2004
3325;0,035;45081;28/05/2003;30/06/2004
3325;0,025;45081;28/05/2003;30/06/2004
3325;0,02;45081;28/05/2003;30/06/2004
3325;0;45081;28/05/2003;30/06/2004
3337;0,0475;45086;01/06/2000;25/06/2000
3337;0,045;45086;01/06/2000;25/06/2000
3337;0,0375;45086;01/06/2000;25/06/2000
3337;0,025;45086;01/06/2000;25/06/2000
3337;0,02;45086;01/06/2000;25/06/2000
3337;0;45086;01/06/2000;25/06/2000
3337;0,0575;45087;26/06/2000;27/05/2003
3337;0,0475;45087;26/06/2000;27/05/2003
3337;0,0375;45087;26/06/2000;27/05/2003
3337;0,025;45087;26/06/2000;27/05/2003
3337;0,02;45087;26/06/2000;27/05/2003
3337;0;45087;26/06/2000;27/05/2003
3337;0,0575;45088;28/05/2003;31/03/2006
3337;0,0475;45088;28/05/2003;31/03/2006
3337;0,035;45088;28/05/2003;31/03/2006
3337;0,025;45088;28/05/2003;31/03/2006
3337;0,02;45088;28/05/2003;31/03/2006
3337;0;45088;28/05/2003;31/03/2006
3347;0,0575;45091;26/06/2000;27/05/2003
3347;0,0475;45091;26/06/2000;27/05/2003
3347;0,0375;45091;26/06/2000;27/05/2003
3347;0,025;45091;26/06/2000;27/05/2003
3347;0,02;45091;26/06/2000;27/05/2003
3347;0;45091;26/06/2000;27/05/2003
3347;0,0575;45092;28/05/2003;30/06/2004
3347;0,0475;45092;28/05/2003;30/06/2004
3347;0,035;45092;28/05/2003;30/06/2004
3347;0,025;45092;28/05/2003;30/06/2004
3347;0,02;45092;28/05/2003;30/06/2004
3347;0;45092;28/05/2003;30/06/2004
3349;0,0475;45093;31/05/2001;31/05/2007
3349;0,0375;45093;31/05/2001;31/05/2007
3349;0,025;45093;31/05/2001;31/05/2007
3349;0,02;45093;31/05/2001;31/05/2007
3349;0;45093;31/05/2001;31/05/2007
3358;0,0475;45102;01/05/1995;31/05/2007
3358;0,0375;45102;01/05/1995;31/05/2007
3358;0,025;45102;01/05/1995;31/05/2007
3358;0,02;45102;01/05/1995;31/05/2007
3358;0;45102;01/05/1995;31/05/2007
3375;0,0475;45118;29/11/2002;31/05/2007
3375;0,0375;45118;29/11/2002;31/05/2007
3375;0,025;45118;29/11/2002;31/05/2007
3375;0,02;45118;29/11/2002;31/05/2007
3375;0;45118;29/11/2002;31/05/2007
3391;0,0475;45133;29/11/2002;31/03/2008
3391;0,0375;45133;29/11/2002;31/03/2008
3391;0,025;45133;29/11/2002;31/03/2008
3391;0,02;45133;29/11/2002;31/03/2008
3391;0;45133;29/11/2002;31/03/2008
3672;0,055;45221;01/02/1999;31/12/2003
3672;0,045;45221;01/02/1999;31/12/2003
3672;0,035;45221;01/02/1999;31/12/2003
3672;0,025;45221;01/02/1999;31/12/2003
3672;0,02;45221;01/02/1999;31/12/2003
3672;0;45221;01/02/1999;31/12/2003
3681;0,055;45223;01/02/1999;31/12/2003
3681;0,045;45223;01/02/1999;31/12/2003
3681;0,035;45223;01/02/1999;31/12/2003
3681;0,025;45223;01/02/1999;31/12/2003
3681;0,02;45223;01/02/1999;31/12/2003
3681;0;45223;01/02/1999;31/12/2003
3702;0,045;45228;31/03/1994;28/02/2005
3702;0,03;45228;31/03/1994;28/02/2005
3702;0,025;45228;31/03/1994;28/02/2005
3702;0,02;45228;31/03/1994;28/02/2005
3702;0;45228;31/03/1994;28/02/2005
3711;0,045;45230;28/04/2000;30/09/2004
3722;0,055;45238;31/12/2001;28/04/2006
3722;0,0525;45238;31/12/2001;28/04/2006
3722;0,0475;45238;31/12/2001;28/04/2006
3722;0,0375;45238;31/12/2001;28/04/2006
3722;0,03;45238;31/12/2001;28/04/2006
3722;0,02;45238;31/12/2001;28/04/2006
3722;0;45238;31/12/2001;28/04/2006
3784;0,055;45261;31/12/2001;30/03/2007
3784;0,0525;45261;31/12/2001;30/03/2007
3784;0,0475;45261;31/12/2001;30/03/2007
3784;0,0375;45261;31/12/2001;30/03/2007
3784;0,03;45261;31/12/2001;30/03/2007
3784;0,02;45261;31/12/2001;30/03/2007
3784;0;45261;31/12/2001;30/03/2007
3787;0,055;45262;31/12/2001;30/03/2007
3787;0,0525;45262;31/12/2001;30/03/2007
3787;0,0475;45262;31/12/2001;30/03/2007
3787;0,0375;45262;31/12/2001;30/03/2007
3787;0,03;45262;31/12/2001;30/03/2007
3787;0,02;45262;31/12/2001;30/03/2007
3787;0;45262;31/12/2001;30/03/2007
3790;0,055;45263;31/12/2001;30/03/2007
3790;0,0525;45263;31/12/2001;30/03/2007
3790;0,0475;45263;31/12/2001;30/03/2007
3790;0,0375;45263;31/12/2001;30/03/2007
3790;0,03;45263;31/12/2001;30/03/2007
3790;0,02;45263;31/12/2001;30/03/2007
3790;0;45263;31/12/2001;30/03/2007
5296;0,05;45733;01/01/2002;31/12/2005
5296;0,0375;45733;01/01/2002;31/12/2005
5296;0,03;45733;01/01/2002;31/12/2005
5296;0,0225;45733;01/01/2002;31/12/2005
5296;0,0175;45733;01/01/2002;31/12/2005
5296;0,0125;45733;01/01/2002;31/12/2005
5296;0;45733;01/01/2002;31/12/2005
5296;0;45734;01/01/2006;28/02/2007
5297;0,05;45736;17/12/1997;31/12/2001
5297;0,0375;45736;17/12/1997;31/12/2001
5297;0,0275;45736;17/12/1997;31/12/2001
5297;0,02;45736;17/12/1997;31/12/2001
5297;0,0175;45736;17/12/1997;31/12/2001
5297;0;45736;17/12/1997;31/12/2001
5297;0,05;45737;01/01/2002;31/12/2005
5297;0,0375;45737;01/01/2002;31/12/2005
5297;0,03;45737;01/01/2002;31/12/2005
5297;0,0225;45737;01/01/2002;31/12/2005
5297;0,0175;45737;01/01/2002;31/12/2005
5297;0,0125;45737;01/01/2002;31/12/2005
5297;0;45737;01/01/2002;31/12/2005
5297;0;45738;01/01/2006;31/03/2006
5381;0,0475;45793;14/01/1999;12/03/2000
5381;0,04;45793;14/01/1999;12/03/2000
5381;0,0325;45793;14/01/1999;12/03/2000
5381;0,025;45793;14/01/1999;12/03/2000
5381;0,0175;45793;14/01/1999;12/03/2000
5381;0;45793;14/01/1999;12/03/2000
5381;0,045;45794;13/03/2000;30/11/2000
5381;0,04;45794;13/03/2000;30/11/2000
5381;0,03;45794;13/03/2000;30/11/2000
5381;0,02;45794;13/03/2000;30/11/2000
5381;0,01;45794;13/03/2000;30/11/2000
5381;0;45794;13/03/2000;30/11/2000
5381;0,055;45795;01/12/2000;30/09/2005
5381;0,045;45795;01/12/2000;30/09/2005
5381;0,035;45795;01/12/2000;30/09/2005
5381;0,025;45795;01/12/2000;30/09/2005
5381;0,015;45795;01/12/2000;30/09/2005
5381;0;45795;01/12/2000;30/09/2005
5382;0,045;45798;17/03/1997;30/11/2000
5382;0,04;45798;17/03/1997;30/11/2000
5382;0,03;45798;17/03/1997;30/11/2000
5382;0,02;45798;17/03/1997;30/11/2000
5382;0,01;45798;17/03/1997;30/11/2000
5382;0;45798;17/03/1997;30/11/2000
5382;0,055;45799;01/12/2000;30/09/2005
5382;0,045;45799;01/12/2000;30/09/2005
5382;0,035;45799;01/12/2000;30/09/2005
5382;0,025;45799;01/12/2000;30/09/2005
5382;0,015;45799;01/12/2000;30/09/2005
5382;0;45799;01/12/2000;30/09/2005
5388;0,0475;45805;01/05/1999;12/03/2000
5388;0,04;45805;01/05/1999;12/03/2000
5388;0,0325;45805;01/05/1999;12/03/2000
5388;0,025;45805;01/05/1999;12/03/2000
5388;0,0175;45805;01/05/1999;12/03/2000
5388;0;45805;01/05/1999;12/03/2000
5388;0,045;45806;13/03/2000;30/11/2000
5388;0,04;45806;13/03/2000;30/11/2000
5388;0,03;45806;13/03/2000;30/11/2000
5388;0,02;45806;13/03/2000;30/11/2000
5388;0,01;45806;13/03/2000;30/11/2000
5388;0;45806;13/03/2000;30/11/2000
5388;0,055;45807;01/12/2000;30/09/2005
5388;0,045;45807;01/12/2000;30/09/2005
5388;0,035;45807;01/12/2000;30/09/2005
5388;0,025;45807;01/12/2000;30/09/2005
5388;0,015;45807;01/12/2000;30/09/2005
5388;0;45807;01/12/2000;30/09/2005
5391;0,0475;45809;30/09/1997;12/03/2000
5391;0,04;45809;30/09/1997;12/03/2000
5391;0,0325;45809;30/09/1997;12/03/2000
5391;0,025;45809;30/09/1997;12/03/2000
5391;0,0175;45809;30/09/1997;12/03/2000
5391;0;45809;30/09/1997;12/03/2000
5391;0,045;45810;13/03/2000;30/11/2000
5391;0,04;45810;13/03/2000;30/11/2000
5391;0,03;45810;13/03/2000;30/11/2000
5391;0,02;45810;13/03/2000;30/11/2000
5391;0,01;45810;13/03/2000;30/11/2000
5391;0;45810;13/03/2000;30/11/2000
5391;0,055;45811;01/12/2000;30/09/2005
5391;0,045;45811;01/12/2000;30/09/2005
5391;0,035;45811;01/12/2000;30/09/2005
5391;0,025;45811;01/12/2000;30/09/2005
5391;0,015;45811;01/12/2000;30/09/2005
5391;0;45811;01/12/2000;30/09/2005
5396;0,045;45812;01/09/1998;30/11/2000
5396;0,04;45812;01/09/1998;30/11/2000
5396;0,03;45812;01/09/1998;30/11/2000
5396;0,02;45812;01/09/1998;30/11/2000
5396;0,01;45812;01/09/1998;30/11/2000
5396;0;45812;01/09/1998;30/11/2000
5396;0,055;45813;01/12/2000;22/09/2005
5396;0,045;45813;01/12/2000;22/09/2005
5396;0,035;45813;01/12/2000;22/09/2005
5396;0,025;45813;01/12/2000;22/09/2005
5396;0,015;45813;01/12/2000;22/09/2005
5396;0;45813;01/12/2000;22/09/2005
5396;0,0575;45814;23/09/2005;30/11/2006
5396;0,045;45814;23/09/2005;30/11/2006
5396;0,035;45814;23/09/2005;30/11/2006
5396;0,025;45814;23/09/2005;30/11/2006
5396;0,02;45814;23/09/2005;30/11/2006
5396;0;45814;23/09/2005;30/11/2006
5400;0,045;45820;01/09/1998;30/11/2000
5400;0,04;45820;01/09/1998;30/11/2000
5400;0,03;45820;01/09/1998;30/11/2000
5400;0,02;45820;01/09/1998;30/11/2000
5400;0,01;45820;01/09/1998;30/11/2000
5400;0;45820;01/09/1998;30/11/2000
5400;0,055;45821;01/12/2000;30/09/2005
5400;0,045;45821;01/12/2000;30/09/2005
5400;0,035;45821;01/12/2000;30/09/2005
5400;0,025;45821;01/12/2000;30/09/2005
5400;0,015;45821;01/12/2000;30/09/2005
5400;0;45821;01/12/2000;30/09/2005
5418;0,045;45825;20/03/1997;30/11/2000
5418;0,04;45825;20/03/1997;30/11/2000
5418;0,03;45825;20/03/1997;30/11/2000
5418;0,02;45825;20/03/1997;30/11/2000
5418;0,01;45825;20/03/1997;30/11/2000
5418;0;45825;20/03/1997;30/11/2000
5418;0,055;45826;01/12/2000;31/10/2002
5418;0,045;45826;01/12/2000;31/10/2002
5418;0,035;45826;01/12/2000;31/10/2002
5418;0,025;45826;01/12/2000;31/10/2002
5418;0,015;45826;01/12/2000;31/10/2002
5418;0;45826;01/12/2000;31/10/2002
5420;0,045;45829;03/08/1997;30/11/2000
5420;0,04;45829;03/08/1997;30/11/2000
5420;0,03;45829;03/08/1997;30/11/2000
5420;0,02;45829;03/08/1997;30/11/2000
5420;0,01;45829;03/08/1997;30/11/2000
5420;0;45829;03/08/1997;30/11/2000
5420;0,055;45830;01/12/2000;31/05/2002
5420;0,045;45830;01/12/2000;31/05/2002
5420;0,035;45830;01/12/2000;31/05/2002
5420;0,025;45830;01/12/2000;31/05/2002
5420;0,015;45830;01/12/2000;31/05/2002
5420;0;45830;01/12/2000;31/05/2002
5442;0,0475;45847;04/12/2002;30/09/2004
5442;0,0375;45847;04/12/2002;30/09/2004
5442;0,0275;45847;04/12/2002;30/09/2004
5442;0,02;45847;04/12/2002;30/09/2004
5442;0;45847;04/12/2002;30/09/2004
5659;0;45954;01/04/1998;30/04/2007
5664;0;45958;01/04/1998;30/04/2007
5882;0,04;46028;24/12/1997;18/09/2000
5882;0,035;46028;24/12/1997;18/09/2000
5882;0,03;46028;24/12/1997;18/09/2000
5882;0,025;46028;24/12/1997;18/09/2000
5882;0,02;46028;24/12/1997;18/09/2000
5882;0,015;46028;24/12/1997;18/09/2000
5882;0,005;46028;24/12/1997;18/09/2000
5882;0,055;46029;19/09/2000;31/08/2004
5882;0,045;46029;19/09/2000;31/08/2004
5882;0,0375;46029;19/09/2000;31/08/2004
5882;0,025;46029;19/09/2000;31/08/2004
5882;0,02;46029;19/09/2000;31/08/2004
5882;0;46029;19/09/2000;31/08/2004
5884;0,055;46031;02/10/2000;31/03/2003
5884;0,045;46031;02/10/2000;31/03/2003
5884;0,0375;46031;02/10/2000;31/03/2003
5884;0,025;46031;02/10/2000;31/03/2003
5884;0,02;46031;02/10/2000;31/03/2003
5884;0;46031;02/10/2000;31/03/2003
5885;0,055;46032;02/10/2000;31/08/2004
5885;0,045;46032;02/10/2000;31/08/2004
5885;0,0375;46032;02/10/2000;31/08/2004
5885;0,025;46032;02/10/2000;31/08/2004
5885;0,02;46032;02/10/2000;31/08/2004
5885;0;46032;02/10/2000;31/08/2004
5928;0,055;46040;01/10/2001;28/11/2003
5928;0,0475;46040;01/10/2001;28/11/2003
5928;0,0375;46040;01/10/2001;28/11/2003
5928;0,0275;46040;01/10/2001;28/11/2003
5928;0,02;46040;01/10/2001;28/11/2003
5928;0;46040;01/10/2001;28/11/2003
5932;0,055;46042;01/10/2001;28/11/2003
5932;0,0475;46042;01/10/2001;28/11/2003
5932;0,0375;46042;01/10/2001;28/11/2003
5932;0,0275;46042;01/10/2001;28/11/2003
5932;0,02;46042;01/10/2001;28/11/2003
5932;0;46042;01/10/2001;28/11/2003
5936;0,03;46044;01/10/2001;28/11/2003
5936;0,0225;46044;01/10/2001;28/11/2003
5936;0,015;46044;01/10/2001;28/11/2003
5936;0,01;46044;01/10/2001;28/11/2003
5936;0;46044;01/10/2001;28/11/2003
5951;0,055;46049;30/10/1997;30/04/2004
5951;0,0475;46049;30/10/1997;30/04/2004
5951;0,0375;46049;30/10/1997;30/04/2004
5951;0,0275;46049;30/10/1997;30/04/2004
5951;0,02;46049;30/10/1997;30/04/2004
5951;0;46049;30/10/1997;30/04/2004
5975;0,055;46059;30/10/1997;30/04/2004
5975;0,0475;46059;30/10/1997;30/04/2004
5975;0,0375;46059;30/10/1997;30/04/2004
5975;0,0275;46059;30/10/1997;30/04/2004
5975;0,02;46059;30/10/1997;30/04/2004
5975;0;46059;30/10/1997;30/04/2004
6045;0,0575;46073;14/06/1999;29/04/2005
6045;0,045;46073;14/06/1999;29/04/2005
6045;0,035;46073;14/06/1999;29/04/2005
6045;0,025;46073;14/06/1999;29/04/2005
6045;0,02;46073;14/06/1999;29/04/2005
6045;0;46073;14/06/1999;29/04/2005
6078;0,045;46078;28/01/2000;30/01/2006
6078;0,0425;46078;28/01/2000;30/01/2006
6078;0,04;46078;28/01/2000;30/01/2006
6078;0,03;46078;28/01/2000;30/01/2006
6078;0,02;46078;28/01/2000;30/01/2006
6078;0;46078;28/01/2000;30/01/2006
6078;0,0575;46079;31/01/2006;29/09/2006
6078;0,045;46079;31/01/2006;29/09/2006
6078;0,035;46079;31/01/2006;29/09/2006
6078;0,025;46079;31/01/2006;29/09/2006
6078;0,02;46079;31/01/2006;29/09/2006
6078;0;46079;31/01/2006;29/09/2006
6078;0,0525;46080;30/09/2006;31/10/2006
6078;0,0475;46080;30/09/2006;31/10/2006
6078;0,04;46080;30/09/2006;31/10/2006
6078;0,03;46080;30/09/2006;31/10/2006
6078;0,025;46080;30/09/2006;31/10/2006
6078;0,02;46080;30/09/2006;31/10/2006
6078;0,015;46080;30/09/2006;31/10/2006
6078;0;46080;30/09/2006;31/10/2006
6083;0,045;46085;28/01/2000;30/01/2005
6083;0,0425;46085;28/01/2000;30/01/2005
6083;0,04;46085;28/01/2000;30/01/2005
6083;0,03;46085;28/01/2000;30/01/2005
6083;0,02;46085;28/01/2000;30/01/2005
6083;0;46085;28/01/2000;30/01/2005
6083;0,0575;46086;31/01/2005;29/09/2006
6083;0,045;46086;31/01/2005;29/09/2006
6083;0,035;46086;31/01/2005;29/09/2006
6083;0,025;46086;31/01/2005;29/09/2006
6083;0,02;46086;31/01/2005;29/09/2006
6083;0;46086;31/01/2005;29/09/2006
6083;0,0525;46087;30/09/2006;31/10/2006
6083;0,0475;46087;30/09/2006;31/10/2006
6083;0,04;46087;30/09/2006;31/10/2006
6083;0,03;46087;30/09/2006;31/10/2006
6083;0,025;46087;30/09/2006;31/10/2006
6083;0,02;46087;30/09/2006;31/10/2006
6083;0,015;46087;30/09/2006;31/10/2006
6083;0;46087;30/09/2006;31/10/2006
6114;0,045;46115;28/01/2000;30/01/2005
6114;0,0425;46115;28/01/2000;30/01/2005
6114;0,04;46115;28/01/2000;30/01/2005
6114;0,03;46115;28/01/2000;30/01/2005
6114;0,02;46115;28/01/2000;30/01/2005
6114;0;46115;28/01/2000;30/01/2005
6114;0,0575;46116;31/01/2005;29/09/2006
6114;0,045;46116;31/01/2005;29/09/2006
6114;0,035;46116;31/01/2005;29/09/2006
6114;0,025;46116;31/01/2005;29/09/2006
6114;0,02;46116;31/01/2005;29/09/2006
6114;0;46116;31/01/2005;29/09/2006
6114;0,0525;46117;30/09/2006;31/03/2008
6114;0,0475;46117;30/09/2006;31/03/2008
6114;0,04;46117;30/09/2006;31/03/2008
6114;0,03;46117;30/09/2006;31/03/2008
6114;0,025;46117;30/09/2006;31/03/2008
6114;0,02;46117;30/09/2006;31/03/2008
6114;0,015;46117;30/09/2006;31/03/2008
6114;0;46117;30/09/2006;31/03/2008
6773;0;46487;01/12/1992;30/05/2003
6801;0;46498;01/08/1999;30/07/2001
6801;0,0575;46499;31/07/2001;31/03/2005
6801;0,045;46499;31/07/2001;31/03/2005
6801;0,0375;46499;31/07/2001;31/03/2005
6801;0,025;46499;31/07/2001;31/03/2005
6801;0,02;46499;31/07/2001;31/03/2005
6801;0;46499;31/07/2001;31/03/2005
6809;0,0575;46505;19/11/2001;31/12/2004
6809;0,045;46505;19/11/2001;31/12/2004
6809;0,035;46505;19/11/2001;31/12/2004
6809;0,025;46505;19/11/2001;31/12/2004
6809;0,02;46505;19/11/2001;31/12/2004
6809;0;46505;19/11/2001;31/12/2004
7217;0,04;46597;03/05/1999;31/01/2006
7217;0,0375;46597;03/05/1999;31/01/2006
7217;0,03;46597;03/05/1999;31/01/2006
7217;0,02;46597;03/05/1999;31/01/2006
7217;0,01;46597;03/05/1999;31/01/2006
7217;0;46597;03/05/1999;31/01/2006
7217;0,05;46598;01/02/2006;30/03/2007
7217;0,0475;46598;01/02/2006;30/03/2007
7217;0,04;46598;01/02/2006;30/03/2007
7217;0,03;46598;01/02/2006;30/03/2007
7217;0,02;46598;01/02/2006;30/03/2007
7217;0,01;46598;01/02/2006;30/03/2007
7217;0;46598;01/02/2006;30/03/2007
7405;0,0575;46662;01/04/1993;30/09/2005
7405;0,045;46662;01/04/1993;30/09/2005
7405;0,035;46662;01/04/1993;30/09/2005
7405;0,025;46662;01/04/1993;30/09/2005
7405;0,02;46662;01/04/1993;30/09/2005
7405;0;46662;01/04/1993;30/09/2005
8069;0,05;47010;23/09/1996;31/07/2001
8069;0,04;47010;23/09/1996;31/07/2001
8069;0,03;47010;23/09/1996;31/07/2001
8069;0,02;47010;23/09/1996;31/07/2001
8069;0,015;47010;23/09/1996;31/07/2001
8069;0;47010;23/09/1996;31/07/2001
8069;0;47011;01/08/2001;30/03/2007
8075;0,045;47017;22/05/1998;31/03/2001
8075;0,0375;47017;22/05/1998;31/03/2001
8075;0,025;47017;22/05/1998;31/03/2001
8075;0,02;47017;22/05/1998;31/03/2001
8075;0,01;47017;22/05/1998;31/03/2001
8075;0;47017;22/05/1998;31/03/2001
8075;0,0575;47018;01/04/2001;29/04/2004
8075;0,05;47018;01/04/2001;29/04/2004
8075;0,04;47018;01/04/2001;29/04/2004
8075;0,03;47018;01/04/2001;29/04/2004
8075;0,025;47018;01/04/2001;29/04/2004
8075;0,0125;47018;01/04/2001;29/04/2004
8075;0;47018;01/04/2001;29/04/2004
8075;0,0575;47019;30/04/2004;30/03/2007
8075;0,05;47019;30/04/2004;30/03/2007
8075;0,04;47019;30/04/2004;30/03/2007
8075;0,03;47019;30/04/2004;30/03/2007
8075;0,025;47019;30/04/2004;30/03/2007
8075;0,015;47019;30/04/2004;30/03/2007
8075;0;47019;30/04/2004;30/03/2007
8106;0,0575;47029;31/10/1999;30/01/2004
8106;0,0475;47029;31/10/1999;30/01/2004
8106;0,0375;47029;31/10/1999;30/01/2004
8106;0,025;47029;31/10/1999;30/01/2004
8106;0,02;47029;31/10/1999;30/01/2004
8106;0;47029;31/10/1999;30/01/2004
8203;0;47042;30/06/1993;30/05/2003
8247;0,0575;47050;15/08/2002;31/12/2004
8247;0,0475;47050;15/08/2002;31/12/2004
8247;0,0375;47050;15/08/2002;31/12/2004
8247;0,025;47050;15/08/2002;31/12/2004
8247;0,02;47050;15/08/2002;31/12/2004
8247;0;47050;15/08/2002;31/12/2004
8278;0;47054;31/12/1992;31/03/2003
8913;0,0575;47344;05/10/1998;31/03/2004
8913;0,0475;47344;05/10/1998;31/03/2004
8913;0,0375;47344;05/10/1998;31/03/2004
8913;0,025;47344;05/10/1998;31/03/2004
8913;0,02;47344;05/10/1998;31/03/2004
8913;0;47344;05/10/1998;31/03/2004
9397;0,0575;47472;01/12/1996;28/02/2003
9397;0,045;47472;01/12/1996;28/02/2003
9397;0,035;47472;01/12/1996;28/02/2003
9397;0,025;47472;01/12/1996;28/02/2003
9397;0,02;47472;01/12/1996;28/02/2003
9397;0;47472;01/12/1996;28/02/2003
9541;0,0575;47526;28/06/2002;30/11/2006
9541;0,045;47526;28/06/2002;30/11/2006
9541;0,035;47526;28/06/2002;30/11/2006
9541;0,025;47526;28/06/2002;30/11/2006
9541;0,02;47526;28/06/2002;30/11/2006
9541;0;47526;28/06/2002;30/11/2006
9546;0,0575;47528;29/04/2004;31/03/2008
9546;0,045;47528;29/04/2004;31/03/2008
9546;0,035;47528;29/04/2004;31/03/2008
9546;0,025;47528;29/04/2004;31/03/2008
9546;0,02;47528;29/04/2004;31/03/2008
9546;0;47528;29/04/2004;31/03/2008
9620;0,0575;47555;01/12/1996;28/02/2007
9620;0,045;47555;01/12/1996;28/02/2007
9620;0,035;47555;01/12/1996;28/02/2007
9620;0,025;47555;01/12/1996;28/02/2007
9620;0,02;47555;01/12/1996;28/02/2007
9620;0;47555;01/12/1996;28/02/2007
9922;0,0575;47711;19/10/1999;29/09/2006
9922;0,0475;47711;19/10/1999;29/09/2006
9922;0,0375;47711;19/10/1999;29/09/2006
9922;0,0275;47711;19/10/1999;29/09/2006
9922;0,01;47711;19/10/1999;29/09/2006
10017;0,0575;47760;01/03/2001;28/04/2006
10017;0,0475;47760;01/03/2001;28/04/2006
10017;0,0375;47760;01/03/2001;28/04/2006
10017;0,03;47760;01/03/2001;28/04/2006
10017;0,02;47760;01/03/2001;28/04/2006
10017;0;47760;01/03/2001;28/04/2006
10037;0,0575;47763;29/06/2000;30/08/2002
10037;0,0475;47763;29/06/2000;30/08/2002
10037;0,0375;47763;29/06/2000;30/08/2002
10037;0,03;47763;29/06/2000;30/08/2002
10037;0,02;47763;29/06/2000;30/08/2002
10037;0;47763;29/06/2000;30/08/2002
10321;0,0475;47914;29/11/2002;31/03/2008
10321;0,0375;47914;29/11/2002;31/03/2008
10321;0,025;47914;29/11/2002;31/03/2008
10321;0,02;47914;29/11/2002;31/03/2008
10321;0;47914;29/11/2002;31/03/2008
10355;0,0475;47928;31/10/2000;31/01/2003
10355;0,0375;47928;31/10/2000;31/01/2003
10355;0,025;47928;31/10/2000;31/01/2003
10355;0,02;47928;31/10/2000;31/01/2003
10355;0;47928;31/10/2000;31/01/2003
10601;0,0575;48056;30/05/1995;26/07/2000
10601;0,0475;48056;30/05/1995;26/07/2000
10601;0,0375;48056;30/05/1995;26/07/2000
10601;0,03;48056;30/05/1995;26/07/2000
10601;0,02;48056;30/05/1995;26/07/2000
10601;0;48056;30/05/1995;26/07/2000
10601;0,0475;48057;27/07/2000;14/05/2001
10601;0,045;48057;27/07/2000;14/05/2001
10601;0,0375;48057;27/07/2000;14/05/2001
10601;0,025;48057;27/07/2000;14/05/2001
10601;0,02;48057;27/07/2000;14/05/2001
10601;0;48057;27/07/2000;14/05/2001
10601;0,0575;48058;15/05/2001;31/12/2003
10601;0,045;48058;15/05/2001;31/12/2003
10601;0,0375;48058;15/05/2001;31/12/2003
10601;0,025;48058;15/05/2001;31/12/2003
10601;0,02;48058;15/05/2001;31/12/2003
10601;0;48058;15/05/2001;31/12/2003
10636;0,0475;48086;01/01/1996;14/05/2001
10636;0,045;48086;01/01/1996;14/05/2001
10636;0,0375;48086;01/01/1996;14/05/2001
10636;0,025;48086;01/01/1996;14/05/2001
10636;0,02;48086;01/01/1996;14/05/2001
10636;0;48086;01/01/1996;14/05/2001
10636;0,0575;48087;15/05/2001;30/05/2003
10636;0,045;48087;15/05/2001;30/05/2003
10636;0,0375;48087;15/05/2001;30/05/2003
10636;0,025;48087;15/05/2001;30/05/2003
10636;0,02;48087;15/05/2001;30/05/2003
10636;0;48087;15/05/2001;30/05/2003
10659;0,0575;48101;06/11/2002;31/03/2008
10659;0,045;48101;06/11/2002;31/03/2008
10659;0,0375;48101;06/11/2002;31/03/2008
10659;0,025;48101;06/11/2002;31/03/2008
10659;0,02;48101;06/11/2002;31/03/2008
10659;0;48101;06/11/2002;31/03/2008
10675;0,0475;48108;31/01/2001;14/05/2001
10675;0,045;48108;31/01/2001;14/05/2001
10675;0,0375;48108;31/01/2001;14/05/2001
10675;0,025;48108;31/01/2001;14/05/2001
10675;0,02;48108;31/01/2001;14/05/2001
10675;0;48108;31/01/2001;14/05/2001
10675;0,0575;48109;15/05/2001;31/12/2003
10675;0,045;48109;15/05/2001;31/12/2003
10675;0,0375;48109;15/05/2001;31/12/2003
10675;0,025;48109;15/05/2001;31/12/2003
10675;0,02;48109;15/05/2001;31/12/2003
10675;0;48109;15/05/2001;31/12/2003
10682;0,0475;48112;31/12/1998;14/05/2001
10682;0,045;48112;31/12/1998;14/05/2001
10682;0,0375;48112;31/12/1998;14/05/2001
10682;0,025;48112;31/12/1998;14/05/2001
10682;0,02;48112;31/12/1998;14/05/2001
10682;0;48112;31/12/1998;14/05/2001
10682;0,0575;48113;15/05/2001;29/04/2005
10682;0,045;48113;15/05/2001;29/04/2005
10682;0,0375;48113;15/05/2001;29/04/2005
10682;0,025;48113;15/05/2001;29/04/2005
10682;0,02;48113;15/05/2001;29/04/2005
10682;0;48113;15/05/2001;29/04/2005
10846;0,0475;48242;01/01/1996;14/05/2001
10846;0,045;48242;01/01/1996;14/05/2001
10846;0,0375;48242;01/01/1996;14/05/2001
10846;0,025;48242;01/01/1996;14/05/2001
10846;0,02;48242;01/01/1996;14/05/2001
10846;0;48242;01/01/1996;14/05/2001
10846;0,0575;48243;15/05/2001;31/08/2006
10846;0,045;48243;15/05/2001;31/08/2006
10846;0,0375;48243;15/05/2001;31/08/2006
10846;0,025;48243;15/05/2001;31/08/2006
10846;0,02;48243;15/05/2001;31/08/2006
10846;0;48243;15/05/2001;31/08/2006
11059;0,055;48395;29/12/1998;31/05/2007
11059;0,045;48395;29/12/1998;31/05/2007
11059;0,0375;48395;29/12/1998;31/05/2007
11059;0,025;48395;29/12/1998;31/05/2007
11059;0,02;48395;29/12/1998;31/05/2007
11059;0;48395;29/12/1998;31/05/2007
11062;0,055;48396;25/11/1996;30/04/2002
11062;0,045;48396;25/11/1996;30/04/2002
11062;0,0375;48396;25/11/1996;30/04/2002
11062;0,025;48396;25/11/1996;30/04/2002
11062;0,02;48396;25/11/1996;30/04/2002
11062;0;48396;25/11/1996;30/04/2002
12380;0,0525;49250;01/02/1999;01/07/2001
12380;0,0425;49250;01/02/1999;01/07/2001
12380;0,0325;49250;01/02/1999;01/07/2001
12380;0,0225;49250;01/02/1999;01/07/2001
12380;0,0175;49250;01/02/1999;01/07/2001
12380;0;49250;01/02/1999;01/07/2001
12380;0,055;49251;02/07/2001;28/02/2003
12380;0,045;49251;02/07/2001;28/02/2003
12380;0,035;49251;02/07/2001;28/02/2003
12380;0,025;49251;02/07/2001;28/02/2003
12380;0,02;49251;02/07/2001;28/02/2003
12380;0;49251;02/07/2001;28/02/2003
12432;0,0525;49286;01/02/1999;01/07/2001
12432;0,0425;49286;01/02/1999;01/07/2001
12432;0,0325;49286;01/02/1999;01/07/2001
12432;0,0225;49286;01/02/1999;01/07/2001
12432;0,0175;49286;01/02/1999;01/07/2001
12432;0;49286;01/02/1999;01/07/2001
12432;0,055;49287;02/07/2001;28/02/2003
12432;0,045;49287;02/07/2001;28/02/2003
12432;0,035;49287;02/07/2001;28/02/2003
12432;0,025;49287;02/07/2001;28/02/2003
12432;0,02;49287;02/07/2001;28/02/2003
12432;0;49287;02/07/2001;28/02/2003
12523;0,045;49387;01/01/1999;29/02/2000
12523;0,0375;49387;01/01/1999;29/02/2000
12523;0,025;49387;01/01/1999;29/02/2000
12523;0,02;49387;01/01/1999;29/02/2000
12523;0,01;49387;01/01/1999;29/02/2000
12523;0,0025;49387;01/01/1999;29/02/2000
12523;0,055;49388;01/03/2000;01/07/2001
12523;0,045;49388;01/03/2000;01/07/2001
12523;0,035;49388;01/03/2000;01/07/2001
12523;0,025;49388;01/03/2000;01/07/2001
12523;0,02;49388;01/03/2000;01/07/2001
12523;0,005;49388;01/03/2000;01/07/2001
12523;0,055;49389;02/07/2001;30/04/2002
12523;0,045;49389;02/07/2001;30/04/2002
12523;0,035;49389;02/07/2001;30/04/2002
12523;0,025;49389;02/07/2001;30/04/2002
12523;0,02;49389;02/07/2001;30/04/2002
12523;0;49389;02/07/2001;30/04/2002
12532;0,045;49396;31/01/1993;30/03/2000
12532;0,0375;49396;31/01/1993;30/03/2000
12532;0,025;49396;31/01/1993;30/03/2000
12532;0,02;49396;31/01/1993;30/03/2000
12532;0,01;49396;31/01/1993;30/03/2000
12532;0,0025;49396;31/01/1993;30/03/2000
12532;0,055;49397;31/03/2000;01/07/2001
12532;0,045;49397;31/03/2000;01/07/2001
12532;0,035;49397;31/03/2000;01/07/2001
12532;0,025;49397;31/03/2000;01/07/2001
12532;0,02;49397;31/03/2000;01/07/2001
12532;0,005;49397;31/03/2000;01/07/2001
12532;0,055;49398;02/07/2001;30/04/2002
12532;0,045;49398;02/07/2001;30/04/2002
12532;0,035;49398;02/07/2001;30/04/2002
12532;0,025;49398;02/07/2001;30/04/2002
12532;0,02;49398;02/07/2001;30/04/2002
12532;0;49398;02/07/2001;30/04/2002
12667;0,0625;49536;22/03/1999;16/06/2002
12667;0,0575;49536;22/03/1999;16/06/2002
12667;0,055;49536;22/03/1999;16/06/2002
12667;0,045;49536;22/03/1999;16/06/2002
12667;0,035;49536;22/03/1999;16/06/2002
12667;0,025;49536;22/03/1999;16/06/2002
12667;0;49536;22/03/1999;16/06/2002
12667;0,0575;49537;17/06/2002;31/03/2008
12667;0,045;49537;17/06/2002;31/03/2008
12667;0,035;49537;17/06/2002;31/03/2008
12667;0,025;49537;17/06/2002;31/03/2008
12667;0;49537;17/06/2002;31/03/2008
12720;0,045;49563;13/09/1994;30/10/2001
12720;0,0375;49563;13/09/1994;30/10/2001
12720;0,025;49563;13/09/1994;30/10/2001
12720;0,02;49563;13/09/1994;30/10/2001
12720;0,01;49563;13/09/1994;30/10/2001
12720;0;49563;13/09/1994;30/10/2001
12720;0,055;49564;31/10/2001;31/07/2002
12720;0,045;49564;31/10/2001;31/07/2002
12720;0,0375;49564;31/10/2001;31/07/2002
12720;0,025;49564;31/10/2001;31/07/2002
12720;0,02;49564;31/10/2001;31/07/2002
12720;0;49564;31/10/2001;31/07/2002
12767;0,0475;49575;02/01/1996;31/01/2002
12767;0,035;49575;02/01/1996;31/01/2002
12767;0,025;49575;02/01/1996;31/01/2002
12767;0,02;49575;02/01/1996;31/01/2002
12767;0;49575;02/01/1996;31/01/2002
12847;0,04;49601;01/08/1996;07/11/2001
12847;0,035;49601;01/08/1996;07/11/2001
12847;0,03;49601;01/08/1996;07/11/2001
12847;0,025;49601;01/08/1996;07/11/2001
12847;0,02;49601;01/08/1996;07/11/2001
12847;0,015;49601;01/08/1996;07/11/2001
12847;0,005;49601;01/08/1996;07/11/2001
12847;0,04;49602;08/11/2001;12/03/2002
12847;0,035;49602;08/11/2001;12/03/2002
12847;0,03;49602;08/11/2001;12/03/2002
12847;0,025;49602;08/11/2001;12/03/2002
12847;0,02;49602;08/11/2001;12/03/2002
12847;0;49602;08/11/2001;12/03/2002
12847;0;49603;13/03/2002;28/02/2007
13051;0,0575;49823;07/06/1999;30/05/2003
13051;0,045;49823;07/06/1999;30/05/2003
13051;0,035;49823;07/06/1999;30/05/2003
13051;0,025;49823;07/06/1999;30/05/2003
13051;0,02;49823;07/06/1999;30/05/2003
13051;0;49823;07/06/1999;30/05/2003
13062;0,0575;49836;01/09/1998;31/05/2007
13062;0,045;49836;01/09/1998;31/05/2007
13062;0,035;49836;01/09/1998;31/05/2007
13062;0,025;49836;01/09/1998;31/05/2007
13062;0,02;49836;01/09/1998;31/05/2007
13062;0;49836;01/09/1998;31/05/2007
13322;0,0575;50050;26/09/1997;30/09/2003
13322;0,0425;50050;26/09/1997;30/09/2003
13322;0,0325;50050;26/09/1997;30/09/2003
13322;0,025;50050;26/09/1997;30/09/2003
13322;0,02;50050;26/09/1997;30/09/2003
13322;0;50050;26/09/1997;30/09/2003
13355;0,0575;50056;28/04/2000;28/05/2004
13355;0,0425;50056;28/04/2000;28/05/2004
13355;0,0325;50056;28/04/2000;28/05/2004
13355;0,025;50056;28/04/2000;28/05/2004
13355;0,02;50056;28/04/2000;28/05/2004
13355;0;50056;28/04/2000;28/05/2004
13366;0,0575;50058;28/04/2000;30/09/2003
13366;0,0425;50058;28/04/2000;30/09/2003
13366;0,0325;50058;28/04/2000;30/09/2003
13366;0,025;50058;28/04/2000;30/09/2003
13366;0,02;50058;28/04/2000;30/09/2003
13366;0;50058;28/04/2000;30/09/2003
13418;0;57377;07/04/2000;31/03/2008
13441;0,005;50121;01/06/1999;31/03/2008
13539;0,0375;50171;31/10/1998;31/12/2000
13539;0,035;50171;31/10/1998;31/12/2000
13539;0,03;50171;31/10/1998;31/12/2000
13539;0,025;50171;31/10/1998;31/12/2000
13539;0;50171;31/10/1998;31/12/2000
13539;0,0575;50172;01/01/2001;31/10/2002
13539;0,045;50172;01/01/2001;31/10/2002
13539;0,035;50172;01/01/2001;31/10/2002
13539;0,025;50172;01/01/2001;31/10/2002
13539;0,02;50172;01/01/2001;31/10/2002
13539;0;50172;01/01/2001;31/10/2002
13558;0,05;50190;30/04/1996;29/01/2002
13558;0,04;50190;30/04/1996;29/01/2002
13558;0,03;50190;30/04/1996;29/01/2002
13558;0,02;50190;30/04/1996;29/01/2002
13558;0,01;50190;30/04/1996;29/01/2002
13558;0;50190;30/04/1996;29/01/2002
13558;0,055;50191;30/01/2002;28/02/2006
13558;0,045;50191;30/01/2002;28/02/2006
13558;0,035;50191;30/01/2002;28/02/2006
13558;0,025;50191;30/01/2002;28/02/2006
13558;0,02;50191;30/01/2002;28/02/2006
13558;0;50191;30/01/2002;28/02/2006
13580;0,05;50215;12/05/1995;29/01/2002
13580;0,04;50215;12/05/1995;29/01/2002
13580;0,03;50215;12/05/1995;29/01/2002
13580;0,02;50215;12/05/1995;29/01/2002
13580;0,01;50215;12/05/1995;29/01/2002
13580;0,055;50216;30/01/2002;29/09/2006
13580;0,045;50216;30/01/2002;29/09/2006
13580;0,035;50216;30/01/2002;29/09/2006
13580;0,025;50216;30/01/2002;29/09/2006
13580;0,02;50216;30/01/2002;29/09/2006
13580;0;50216;30/01/2002;29/09/2006
13617;0,0575;50244;29/07/1999;17/08/2003
13617;0,0375;50244;29/07/1999;17/08/2003
13617;0,025;50244;29/07/1999;17/08/2003
13617;0,02;50244;29/07/1999;17/08/2003
13617;0;50244;29/07/1999;17/08/2003
13617;0,0575;50245;18/08/2003;30/12/2005
13617;0,0475;50245;18/08/2003;30/12/2005
13617;0,035;50245;18/08/2003;30/12/2005
13617;0,025;50245;18/08/2003;30/12/2005
13617;0,02;50245;18/08/2003;30/12/2005
13617;0;50245;18/08/2003;30/12/2005
13633;0,0575;50255;02/11/1998;28/02/2003
13633;0,045;50255;02/11/1998;28/02/2003
13633;0,035;50255;02/11/1998;28/02/2003
13633;0,025;50255;02/11/1998;28/02/2003
13633;0,02;50255;02/11/1998;28/02/2003
13633;0,005;50255;02/11/1998;28/02/2003
13633;0,0025;50255;02/11/1998;28/02/2003
13633;0,0575;50256;01/03/2003;31/12/2003
13633;0,0475;50256;01/03/2003;31/12/2003
13633;0,035;50256;01/03/2003;31/12/2003
13633;0,025;50256;01/03/2003;31/12/2003
13633;0,02;50256;01/03/2003;31/12/2003
13633;0;50256;01/03/2003;31/12/2003
13713;0,0575;50270;31/03/2003;30/09/2004
13713;0,045;50270;31/03/2003;30/09/2004
13713;0,035;50270;31/03/2003;30/09/2004
13713;0,026;50270;31/03/2003;30/09/2004
13713;0,02;50270;31/03/2003;30/09/2004
13713;0;50270;31/03/2003;30/09/2004
13714;0,0575;50271;20/06/1997;30/09/2004
13714;0,045;50271;20/06/1997;30/09/2004
13714;0,035;50271;20/06/1997;30/09/2004
13714;0,026;50271;20/06/1997;30/09/2004
13714;0,02;50271;20/06/1997;30/09/2004
13714;0;50271;20/06/1997;30/09/2004
14023;0,0525;50330;01/12/1998;28/02/2006
14023;0,045;50330;01/12/1998;28/02/2006
14023;0,035;50330;01/12/1998;28/02/2006
14023;0,025;50330;01/12/1998;28/02/2006
14023;0,02;50330;01/12/1998;28/02/2006
14023;0,01;50330;01/12/1998;28/02/2006
14025;0,0525;50332;29/12/2000;28/02/2006
14025;0,045;50332;29/12/2000;28/02/2006
14025;0,035;50332;29/12/2000;28/02/2006
14025;0,025;50332;29/12/2000;28/02/2006
14025;0,02;50332;29/12/2000;28/02/2006
14025;0,01;50332;29/12/2000;28/02/2006
14140;0,05;50349;01/08/1992;31/01/2002
14140;0,045;50349;01/08/1992;31/01/2002
14140;0,0375;50349;01/08/1992;31/01/2002
14140;0,025;50349;01/08/1992;31/01/2002
14140;0,02;50349;01/08/1992;31/01/2002
14140;0,01;50349;01/08/1992;31/01/2002
14175;0;50363;01/12/1997;30/06/2006
14183;0;50373;01/10/1997;28/02/2007
14185;0;50375;01/10/1997;28/02/2007
14195;0;50379;01/10/1997;28/02/2007
14215;0,05;50386;19/09/2005;31/03/2008
14215;0,045;50386;19/09/2005;31/03/2008
14215;0,035;50386;19/09/2005;31/03/2008
14215;0,025;50386;19/09/2005;31/03/2008
14215;0,02;50386;19/09/2005;31/03/2008
14215;0;50386;19/09/2005;31/03/2008
14219;0,05;50387;19/09/2005;31/03/2008
14219;0,045;50387;19/09/2005;31/03/2008
14219;0,035;50387;19/09/2005;31/03/2008
14219;0,025;50387;19/09/2005;31/03/2008
14219;0,02;50387;19/09/2005;31/03/2008
14219;0;50387;19/09/2005;31/03/2008
14261;0,05;50422;01/02/1993;29/04/2005
14261;0,045;50422;01/02/1993;29/04/2005
14261;0,035;50422;01/02/1993;29/04/2005
14261;0,025;50422;01/02/1993;29/04/2005
14261;0,02;50422;01/02/1993;29/04/2005
14261;0;50422;01/02/1993;29/04/2005
14267;0,05;50424;01/11/1993;31/03/2008
14267;0,045;50424;01/11/1993;31/03/2008
14267;0,035;50424;01/11/1993;31/03/2008
14267;0,025;50424;01/11/1993;31/03/2008
14267;0,02;50424;01/11/1993;31/03/2008
14267;0;50424;01/11/1993;31/03/2008
14295;0,05;50438;02/10/1999;31/05/2002
14295;0,045;50438;02/10/1999;31/05/2002
14295;0,035;50438;02/10/1999;31/05/2002
14295;0,025;50438;02/10/1999;31/05/2002
14295;0,02;50438;02/10/1999;31/05/2002
14295;0;50438;02/10/1999;31/05/2002
14629;0;50523;01/12/1997;30/06/2006
14644;0;50525;01/12/1997;30/06/2006
15133;0,0475;50698;01/03/1997;30/12/2005
15133;0,0425;50698;01/03/1997;30/12/2005
15133;0,0375;50698;01/03/1997;30/12/2005
15133;0,0325;50698;01/03/1997;30/12/2005
15133;0,025;50698;01/03/1997;30/12/2005
15133;0,015;50698;01/03/1997;30/12/2005
15133;0;50698;01/03/1997;30/12/2005
15145;0,0475;50700;01/03/1997;30/12/2005
15145;0,0425;50700;01/03/1997;30/12/2005
15145;0,0375;50700;01/03/1997;30/12/2005
15145;0,0325;50700;01/03/1997;30/12/2005
15145;0,025;50700;01/03/1997;30/12/2005
15145;0,015;50700;01/03/1997;30/12/2005
15145;0;50700;01/03/1997;30/12/2005
15305;0,02;50757;31/07/1999;31/03/2006
15305;0;50757;31/07/1999;31/03/2006
15306;0,02;50758;02/08/1999;31/03/2005
15306;0;50758;02/08/1999;31/03/2005
15509;0,0575;50834;26/07/2000;28/11/2003
15509;0,045;50834;26/07/2000;28/11/2003
15509;0,035;50834;26/07/2000;28/11/2003
15509;0,025;50834;26/07/2000;28/11/2003
15509;0,02;50834;26/07/2000;28/11/2003
15509;0;50834;26/07/2000;28/11/2003
15512;0,0575;50835;15/12/1998;22/09/2002
15512;0,0475;50835;15/12/1998;22/09/2002
15512;0,0375;50835;15/12/1998;22/09/2002
15512;0,0275;50835;15/12/1998;22/09/2002
15512;0,02;50835;15/12/1998;22/09/2002
15512;0;50835;15/12/1998;22/09/2002
15512;0,0575;50836;23/09/2002;29/10/2004
15512;0,045;50836;23/09/2002;29/10/2004
15512;0,035;50836;23/09/2002;29/10/2004
15512;0,025;50836;23/09/2002;29/10/2004
15512;0,02;50836;23/09/2002;29/10/2004
15512;0;50836;23/09/2002;29/10/2004
15534;0,0575;50845;01/02/2002;30/04/2007
15534;0,045;50845;01/02/2002;30/04/2007
15534;0,035;50845;01/02/2002;30/04/2007
15534;0,025;50845;01/02/2002;30/04/2007
15534;0,02;50845;01/02/2002;30/04/2007
15534;0;50845;01/02/2002;30/04/2007
15539;0,0575;50846;01/02/2002;30/04/2007
15539;0,045;50846;01/02/2002;30/04/2007
15539;0,035;50846;01/02/2002;30/04/2007
15539;0,025;50846;01/02/2002;30/04/2007
15539;0,02;50846;01/02/2002;30/04/2007
15539;0;50846;01/02/2002;30/04/2007
15744;0,0575;50856;18/04/1995;31/03/2008
15744;0,045;50856;18/04/1995;31/03/2008
15744;0,035;50856;18/04/1995;31/03/2008
15744;0,025;50856;18/04/1995;31/03/2008
15744;0,02;50856;18/04/1995;31/03/2008
15744;0;50856;18/04/1995;31/03/2008
15847;0,0575;50890;15/11/1999;30/04/2002
15847;0,045;50890;15/11/1999;30/04/2002
15847;0,035;50890;15/11/1999;30/04/2002
15847;0,025;50890;15/11/1999;30/04/2002
15847;0,02;50890;15/11/1999;30/04/2002
15847;0;50890;15/11/1999;30/04/2002
15972;0,0575;50898;01/03/2001;30/12/2005
15972;0,045;50898;01/03/2001;30/12/2005
15972;0,035;50898;01/03/2001;30/12/2005
15972;0,025;50898;01/03/2001;30/12/2005
15972;0,02;50898;01/03/2001;30/12/2005
15972;0;50898;01/03/2001;30/12/2005
16206;0,055;50933;01/02/1996;28/02/2003
16206;0,0475;50933;01/02/1996;28/02/2003
16206;0,035;50933;01/02/1996;28/02/2003
16206;0,0275;50933;01/02/1996;28/02/2003
16206;0,02;50933;01/02/1996;28/02/2003
16206;0;50933;01/02/1996;28/02/2003
16515;0,0575;51002;30/04/1996;30/05/2003
16515;0,0525;51002;30/04/1996;30/05/2003
16515;0,045;51002;30/04/1996;30/05/2003
16515;0,03;51002;30/04/1996;30/05/2003
16515;0;51002;30/04/1996;30/05/2003
16592;0,0575;51050;02/11/1998;30/05/2003
16592;0,0525;51050;02/11/1998;30/05/2003
16592;0,045;51050;02/11/1998;30/05/2003
16592;0,03;51050;02/11/1998;30/05/2003
16592;0;51050;02/11/1998;30/05/2003
16669;0,0575;51087;30/04/1996;30/05/2003
16669;0,0525;51087;30/04/1996;30/05/2003
16669;0,045;51087;30/04/1996;30/05/2003
16669;0,03;51087;30/04/1996;30/05/2003
16669;0;51087;30/04/1996;30/05/2003
17022;0,05;51210;01/12/2000;31/03/2008
17022;0,045;51210;01/12/2000;31/03/2008
17022;0,035;51210;01/12/2000;31/03/2008
17022;0,025;51210;01/12/2000;31/03/2008
17022;0,02;51210;01/12/2000;31/03/2008
17022;0;51210;01/12/2000;31/03/2008
17754;0,0525;51460;02/01/1996;30/04/2001
17754;0,0475;51460;02/01/1996;30/04/2001
17754;0,04;51460;02/01/1996;30/04/2001
17754;0,03;51460;02/01/1996;30/04/2001
17754;0,02;51460;02/01/1996;30/04/2001
17754;0;51460;02/01/1996;30/04/2001
17754;0,0575;51461;01/05/2001;30/11/2006
17754;0,0475;51461;01/05/2001;30/11/2006
17754;0,0375;51461;01/05/2001;30/11/2006
17754;0,0275;51461;01/05/2001;30/11/2006
17754;0;51461;01/05/2001;30/11/2006
17762;0,0525;51464;26/12/1996;30/04/2001
17762;0,0475;51464;26/12/1996;30/04/2001
17762;0,04;51464;26/12/1996;30/04/2001
17762;0,03;51464;26/12/1996;30/04/2001
17762;0,02;51464;26/12/1996;30/04/2001
17762;0;51464;26/12/1996;30/04/2001
17762;0,0575;51465;01/05/2001;30/11/2006
17762;0,0475;51465;01/05/2001;30/11/2006
17762;0,0375;51465;01/05/2001;30/11/2006
17762;0,0275;51465;01/05/2001;30/11/2006
17762;0;51465;01/05/2001;30/11/2006
17893;0,035;51513;01/10/1997;31/01/2007
17893;0,03;51513;01/10/1997;31/01/2007
17893;0,02;51513;01/10/1997;31/01/2007
17893;0,01;51513;01/10/1997;31/01/2007
17893;0;51513;01/10/1997;31/01/2007
17896;0,035;51514;30/09/2004;31/01/2007
17896;0,03;51514;30/09/2004;31/01/2007
17896;0,02;51514;30/09/2004;31/01/2007
17896;0,01;51514;30/09/2004;31/01/2007
17896;0;51514;30/09/2004;31/01/2007
17918;0,05;51515;02/03/1998;28/11/2003
17918;0,04;51515;02/03/1998;28/11/2003
17918;0,03;51515;02/03/1998;28/11/2003
18163;0,05;51719;30/11/1999;28/02/2002
18163;0,04;51719;30/11/1999;28/02/2002
18163;0,035;51719;30/11/1999;28/02/2002
18163;0,03;51719;30/11/1999;28/02/2002
18163;0,02;51719;30/11/1999;28/02/2002
18163;0;51719;30/11/1999;28/02/2002
18163;0,05;51720;01/03/2002;19/11/2006
18163;0,0425;51720;01/03/2002;19/11/2006
18163;0,0375;51720;01/03/2002;19/11/2006
18163;0,0325;51720;01/03/2002;19/11/2006
18163;0,0275;51720;01/03/2002;19/11/2006
18163;0,02;51720;01/03/2002;19/11/2006
18163;0;51720;01/03/2002;19/11/2006
18163;0,0575;51721;20/11/2006;28/02/2007
18163;0,05;51721;20/11/2006;28/02/2007
18163;0,045;51721;20/11/2006;28/02/2007
18163;0,035;51721;20/11/2006;28/02/2007
18163;0,025;51721;20/11/2006;28/02/2007
18163;0,02;51721;20/11/2006;28/02/2007
18163;0,015;51721;20/11/2006;28/02/2007
18163;0;51721;20/11/2006;28/02/2007
18273;0,05;51866;02/03/1998;14/09/2000
18273;0,04;51866;02/03/1998;14/09/2000
18273;0,035;51866;02/03/1998;14/09/2000
18273;0,03;51866;02/03/1998;14/09/2000
18273;0,02;51866;02/03/1998;14/09/2000
18273;0;51866;02/03/1998;14/09/2000
18273;0,05;51867;15/09/2000;19/11/2006
18273;0,0425;51867;15/09/2000;19/11/2006
18273;0,0375;51867;15/09/2000;19/11/2006
18273;0,0325;51867;15/09/2000;19/11/2006
18273;0,0275;51867;15/09/2000;19/11/2006
18273;0,02;51867;15/09/2000;19/11/2006
18273;0;51867;15/09/2000;19/11/2006
18273;0,0575;51868;20/11/2006;28/02/2007
18273;0,05;51868;20/11/2006;28/02/2007
18273;0,045;51868;20/11/2006;28/02/2007
18273;0,035;51868;20/11/2006;28/02/2007
18273;0,025;51868;20/11/2006;28/02/2007
18273;0,02;51868;20/11/2006;28/02/2007
18273;0,015;51868;20/11/2006;28/02/2007
18273;0;51868;20/11/2006;28/02/2007
18456;0,0575;51959;01/12/1998;31/10/2002
18456;0,045;51959;01/12/1998;31/10/2002
18456;0,035;51959;01/12/1998;31/10/2002
18456;0,025;51959;01/12/1998;31/10/2002
18456;0,02;51959;01/12/1998;31/10/2002
18456;0;51959;01/12/1998;31/10/2002
18466;0,0575;51962;18/10/1998;31/10/2002
18466;0,045;51962;18/10/1998;31/10/2002
18466;0,035;51962;18/10/1998;31/10/2002
18466;0,025;51962;18/10/1998;31/10/2002
18466;0,02;51962;18/10/1998;31/10/2002
18466;0;51962;18/10/1998;31/10/2002
18779;0,04;52083;31/10/1997;28/02/2003
18779;0,0375;52083;31/10/1997;28/02/2003
18779;0,03;52083;31/10/1997;28/02/2003
18779;0,02;52083;31/10/1997;28/02/2003
18779;0,01;52083;31/10/1997;28/02/2003
18779;0;52083;31/10/1997;28/02/2003
18779;0,055;52084;01/03/2003;30/07/2004
18779;0,045;52084;01/03/2003;30/07/2004
18779;0,035;52084;01/03/2003;30/07/2004
18779;0,025;52084;01/03/2003;30/07/2004
18779;0,02;52084;01/03/2003;30/07/2004
18779;0;52084;01/03/2003;30/07/2004
18785;0,04;52086;31/10/1997;28/02/2003
18785;0,0375;52086;31/10/1997;28/02/2003
18785;0,03;52086;31/10/1997;28/02/2003
18785;0,02;52086;31/10/1997;28/02/2003
18785;0,01;52086;31/10/1997;28/02/2003
18785;0;52086;31/10/1997;28/02/2003
18785;0,055;52087;01/03/2003;30/07/2004
18785;0,045;52087;01/03/2003;30/07/2004
18785;0,035;52087;01/03/2003;30/07/2004
18785;0,025;52087;01/03/2003;30/07/2004
18785;0,02;52087;01/03/2003;30/07/2004
18785;0;52087;01/03/2003;30/07/2004
18790;0,0575;52088;10/07/1992;30/04/2006
18790;0,0475;52088;10/07/1992;30/04/2006
18790;0,04;52088;10/07/1992;30/04/2006
18790;0,0295;52088;10/07/1992;30/04/2006
18790;0,022;52088;10/07/1992;30/04/2006
18790;0;52088;10/07/1992;30/04/2006
18790;0,0575;52089;01/05/2006;31/05/2007
18790;0,0475;52089;01/05/2006;31/05/2007
18790;0,0375;52089;01/05/2006;31/05/2007
18790;0,0275;52089;01/05/2006;31/05/2007
18790;0,02;52089;01/05/2006;31/05/2007
18790;0;52089;01/05/2006;31/05/2007
19356;0,0575;52292;10/07/1992;30/04/2006
19356;0,0475;52292;10/07/1992;30/04/2006
19356;0,04;52292;10/07/1992;30/04/2006
19356;0,0295;52292;10/07/1992;30/04/2006
19356;0,022;52292;10/07/1992;30/04/2006
19356;0;52292;10/07/1992;30/04/2006
19356;0,0575;52293;01/05/2006;31/05/2007
19356;0,0475;52293;01/05/2006;31/05/2007
19356;0,0375;52293;01/05/2006;31/05/2007
19356;0,0275;52293;01/05/2006;31/05/2007
19356;0,02;52293;01/05/2006;31/05/2007
19356;0;52293;01/05/2006;31/05/2007
19502;0,055;52362;29/12/2000;28/11/2003
19502;0,045;52362;29/12/2000;28/11/2003
19502;0,035;52362;29/12/2000;28/11/2003
19502;0,025;52362;29/12/2000;28/11/2003
19502;0,02;52362;29/12/2000;28/11/2003
19502;0;52362;29/12/2000;28/11/2003
19664;0,0575;52413;01/01/1998;06/03/2002
19664;0,045;52413;01/01/1998;06/03/2002
19664;0,035;52413;01/01/1998;06/03/2002
19664;0,025;52413;01/01/1998;06/03/2002
19664;0;52413;01/01/1998;06/03/2002
19664;0,0575;52414;07/03/2002;30/04/2005
19664;0,045;52414;07/03/2002;30/04/2005
19664;0,035;52414;07/03/2002;30/04/2005
19664;0,025;52414;07/03/2002;30/04/2005
19664;0,015;52414;07/03/2002;30/04/2005
19664;0;52414;07/03/2002;30/04/2005
19664;0,0575;52415;01/05/2005;30/11/2006
19664;0,05;52415;01/05/2005;30/11/2006
19664;0,045;52415;01/05/2005;30/11/2006
19664;0,035;52415;01/05/2005;30/11/2006
19664;0,025;52415;01/05/2005;30/11/2006
19664;0,015;52415;01/05/2005;30/11/2006
19664;0;52415;01/05/2005;30/11/2006
19805;0,0475;52462;31/03/1997;31/03/2006
19805;0,0375;52462;31/03/1997;31/03/2006
19805;0,0275;52462;31/03/1997;31/03/2006
19805;0,02;52462;31/03/1997;31/03/2006
19805;0,015;52462;31/03/1997;31/03/2006
19805;0;52462;31/03/1997;31/03/2006
19810;0,0475;52463;12/07/1999;31/03/2006
19810;0,0375;52463;12/07/1999;31/03/2006
19810;0,0275;52463;12/07/1999;31/03/2006
19810;0,02;52463;12/07/1999;31/03/2006
19810;0,015;52463;12/07/1999;31/03/2006
19810;0;52463;12/07/1999;31/03/2006
20185;0,0575;52524;01/05/2000;31/03/2003
20185;0,05;52524;01/05/2000;31/03/2003
20185;0,0375;52524;01/05/2000;31/03/2003
20185;0,025;52524;01/05/2000;31/03/2003
20185;0,02;52524;01/05/2000;31/03/2003
20185;0;52524;01/05/2000;31/03/2003
20500;0,0525;52669;02/06/2000;27/12/2005
20500;0,0475;52669;02/06/2000;27/12/2005
20500;0,04;52669;02/06/2000;27/12/2005
20500;0,03;52669;02/06/2000;27/12/2005
20500;0,02;52669;02/06/2000;27/12/2005
20500;0;52669;02/06/2000;27/12/2005
20500;0;52670;28/12/2005;31/08/2006
21984;0;53265;26/11/1996;31/10/2003
21985;0,0495;53266;02/10/1998;19/09/2000
21985;0,04;53266;02/10/1998;19/09/2000
21985;0,035;53266;02/10/1998;19/09/2000
21985;0,025;53266;02/10/1998;19/09/2000
21985;0,02;53266;02/10/1998;19/09/2000
21985;0;53266;02/10/1998;19/09/2000
21985;0,0495;53267;20/09/2000;30/04/2005
21985;0,045;53267;20/09/2000;30/04/2005
21985;0,035;53267;20/09/2000;30/04/2005
21985;0,03;53267;20/09/2000;30/04/2005
21985;0,02;53267;20/09/2000;30/04/2005
21985;0;53267;20/09/2000;30/04/2005
21985;0;53268;01/05/2005;31/03/2008
22189;0,055;53288;01/03/2003;30/06/2005
22189;0,0475;53288;01/03/2003;30/06/2005
22189;0,0375;53288;01/03/2003;30/06/2005
22189;0,0275;53288;01/03/2003;30/06/2005
22189;0,02;53288;01/03/2003;30/06/2005
22189;0,01;53288;01/03/2003;30/06/2005
22246;0,0525;53336;08/09/1997;28/03/2002
22246;0,05;53336;08/09/1997;28/03/2002
22246;0,0475;53336;08/09/1997;28/03/2002
22246;0,0375;53336;08/09/1997;28/03/2002
22246;0,03;53336;08/09/1997;28/03/2002
22246;0,02;53336;08/09/1997;28/03/2002
22246;0;53336;08/09/1997;28/03/2002
22822;0,04;53497;15/12/1992;28/05/2004
22822;0,035;53497;15/12/1992;28/05/2004
22822;0,025;53497;15/12/1992;28/05/2004
22822;0;53497;15/12/1992;28/05/2004
22984;0,0525;53561;18/03/1999;28/02/2005
22984;0,045;53561;18/03/1999;28/02/2005
22984;0,035;53561;18/03/1999;28/02/2005
22984;0,025;53561;18/03/1999;28/02/2005
22984;0,02;53561;18/03/1999;28/02/2005
22984;0;53561;18/03/1999;28/02/2005
23009;0,05;53567;30/04/1993;31/10/2002
23009;0,045;53567;30/04/1993;31/10/2002
23009;0,04;53567;30/04/1993;31/10/2002
23009;0,035;53567;30/04/1993;31/10/2002
23009;0,025;53567;30/04/1993;31/10/2002
23009;0,02;53567;30/04/1993;31/10/2002
23009;0;53567;30/04/1993;31/10/2002
23011;0,05;53569;01/11/1994;31/10/2002
23011;0,045;53569;01/11/1994;31/10/2002
23011;0,04;53569;01/11/1994;31/10/2002
23011;0,035;53569;01/11/1994;31/10/2002
23011;0,025;53569;01/11/1994;31/10/2002
23011;0,02;53569;01/11/1994;31/10/2002
23011;0;53569;01/11/1994;31/10/2002
23059;0,0575;53581;01/09/1999;30/09/2003
23059;0,055;53581;01/09/1999;30/09/2003
23059;0,0475;53581;01/09/1999;30/09/2003
23059;0,0375;53581;01/09/1999;30/09/2003
23059;0,025;53581;01/09/1999;30/09/2003
23059;0,02;53581;01/09/1999;30/09/2003
23059;0;53581;01/09/1999;30/09/2003
23172;0,0575;53615;01/09/1999;29/08/2003
23172;0,055;53615;01/09/1999;29/08/2003
23172;0,0475;53615;01/09/1999;29/08/2003
23172;0,0375;53615;01/09/1999;29/08/2003
23172;0,025;53615;01/09/1999;29/08/2003
23172;0,02;53615;01/09/1999;29/08/2003
23172;0;53615;01/09/1999;29/08/2003
23191;0,0575;53618;16/02/2001;31/10/2003
23191;0,055;53618;16/02/2001;31/10/2003
23191;0,0475;53618;16/02/2001;31/10/2003
23191;0,0375;53618;16/02/2001;31/10/2003
23191;0,025;53618;16/02/2001;31/10/2003
23191;0,02;53618;16/02/2001;31/10/2003
23191;0;53618;16/02/2001;31/10/2003
23196;0,0575;53619;16/02/2001;29/08/2003
23196;0,055;53619;16/02/2001;29/08/2003
23196;0,0475;53619;16/02/2001;29/08/2003
23196;0,0375;53619;16/02/2001;29/08/2003
23196;0,025;53619;16/02/2001;29/08/2003
23196;0,02;53619;16/02/2001;29/08/2003
23196;0;53619;16/02/2001;29/08/2003
23202;0,0575;53620;16/02/2001;31/10/2003
23202;0,055;53620;16/02/2001;31/10/2003
23202;0,0475;53620;16/02/2001;31/10/2003
23202;0,0375;53620;16/02/2001;31/10/2003
23202;0,025;53620;16/02/2001;31/10/2003
23202;0,02;53620;16/02/2001;31/10/2003
23202;0;53620;16/02/2001;31/10/2003
23208;0,0575;53621;16/02/2001;31/10/2003
23208;0,055;53621;16/02/2001;31/10/2003
23208;0,0475;53621;16/02/2001;31/10/2003
23208;0,0375;53621;16/02/2001;31/10/2003
23208;0,025;53621;16/02/2001;31/10/2003
23208;0,02;53621;16/02/2001;31/10/2003
23208;0;53621;16/02/2001;31/10/2003
23220;0,0575;53624;17/12/1998;30/09/2003
23220;0,055;53624;17/12/1998;30/09/2003
23220;0,0475;53624;17/12/1998;30/09/2003
23220;0,0375;53624;17/12/1998;30/09/2003
23220;0,025;53624;17/12/1998;30/09/2003
23220;0,02;53624;17/12/1998;30/09/2003
23220;0;53624;17/12/1998;30/09/2003
23364;0,0575;53660;10/07/1992;31/03/2008
23364;0,055;53660;10/07/1992;31/03/2008
23364;0,0475;53660;10/07/1992;31/03/2008
23364;0,0375;53660;10/07/1992;31/03/2008
23364;0,025;53660;10/07/1992;31/03/2008
23364;0,02;53660;10/07/1992;31/03/2008
23364;0;53660;10/07/1992;31/03/2008
23392;0,0575;53665;22/10/1997;31/12/2002
23392;0,045;53665;22/10/1997;31/12/2002
23392;0,035;53665;22/10/1997;31/12/2002
23392;0,025;53665;22/10/1997;31/12/2002
23392;0,02;53665;22/10/1997;31/12/2002
23392;0;53665;22/10/1997;31/12/2002
23414;0,0575;53677;01/03/1999;31/03/2008
23414;0,045;53677;01/03/1999;31/03/2008
23414;0,035;53677;01/03/1999;31/03/2008
23414;0,025;53677;01/03/1999;31/03/2008
23414;0,02;53677;01/03/1999;31/03/2008
23414;0;53677;01/03/1999;31/03/2008
23783;0,045;53841;03/02/2003;31/10/2006
23783;0,0375;53841;03/02/2003;31/10/2006
23783;0,0275;53841;03/02/2003;31/10/2006
23783;0,02;53841;03/02/2003;31/10/2006
23783;0;53841;03/02/2003;31/10/2006
24025;0,0575;53909;01/03/2000;30/06/2003
24025;0,0475;53909;01/03/2000;30/06/2003
24025;0,0375;53909;01/03/2000;30/06/2003
24025;0,0275;53909;01/03/2000;30/06/2003
24025;0,02;53909;01/03/2000;30/06/2003
24025;0;53909;01/03/2000;30/06/2003
24037;0,0475;53914;25/09/1997;01/03/2000
24037;0,045;53914;25/09/1997;01/03/2000
24037;0,035;53914;25/09/1997;01/03/2000
24037;0,03;53914;25/09/1997;01/03/2000
24037;0,02;53914;25/09/1997;01/03/2000
24037;0;53914;25/09/1997;01/03/2000
24037;0,0575;53915;02/03/2000;30/05/2003
24037;0,0475;53915;02/03/2000;30/05/2003
24037;0,0375;53915;02/03/2000;30/05/2003
24037;0,0275;53915;02/03/2000;30/05/2003
24037;0,02;53915;02/03/2000;30/05/2003
24037;0;53915;02/03/2000;30/05/2003
24049;0,0475;53928;20/01/1998;21/09/2000
24049;0,045;53928;20/01/1998;21/09/2000
24049;0,035;53928;20/01/1998;21/09/2000
24049;0,03;53928;20/01/1998;21/09/2000
24049;0,02;53928;20/01/1998;21/09/2000
24049;0;53928;20/01/1998;21/09/2000
24049;0,0575;53929;22/09/2000;28/02/2007
24049;0,0475;53929;22/09/2000;28/02/2007
24049;0,0375;53929;22/09/2000;28/02/2007
24049;0,0275;53929;22/09/2000;28/02/2007
24049;0,02;53929;22/09/2000;28/02/2007
24049;0;53929;22/09/2000;28/02/2007
24114;0,0475;53965;05/11/1997;10/09/2000
24114;0,045;53965;05/11/1997;10/09/2000
24114;0,035;53965;05/11/1997;10/09/2000
24114;0,03;53965;05/11/1997;10/09/2000
24114;0,02;53965;05/11/1997;10/09/2000
24114;0;53965;05/11/1997;10/09/2000
24114;0,0575;53966;11/09/2000;31/03/2008
24114;0,0475;53966;11/09/2000;31/03/2008
24114;0,0375;53966;11/09/2000;31/03/2008
24114;0,0275;53966;11/09/2000;31/03/2008
24114;0,02;53966;11/09/2000;31/03/2008
24114;0;53966;11/09/2000;31/03/2008
24162;0,0475;53982;01/07/1998;07/06/2000
24162;0,045;53982;01/07/1998;07/06/2000
24162;0,035;53982;01/07/1998;07/06/2000
24162;0,03;53982;01/07/1998;07/06/2000
24162;0,02;53982;01/07/1998;07/06/2000
24162;0;53982;01/07/1998;07/06/2000
24162;0,0575;53983;08/06/2000;31/03/2008
24162;0,0475;53983;08/06/2000;31/03/2008
24162;0,0375;53983;08/06/2000;31/03/2008
24162;0,0275;53983;08/06/2000;31/03/2008
24162;0,02;53983;08/06/2000;31/03/2008
24162;0;53983;08/06/2000;31/03/2008
24207;0,0575;54008;01/08/2005;31/03/2008
24207;0,0475;54008;01/08/2005;31/03/2008
24207;0,0375;54008;01/08/2005;31/03/2008
24207;0,0275;54008;01/08/2005;31/03/2008
24207;0,02;54008;01/08/2005;31/03/2008
24207;0;54008;01/08/2005;31/03/2008
24213;0,0475;54010;01/07/1998;02/04/2000
24213;0,045;54010;01/07/1998;02/04/2000
24213;0,035;54010;01/07/1998;02/04/2000
24213;0,03;54010;01/07/1998;02/04/2000
24213;0,02;54010;01/07/1998;02/04/2000
24213;0;54010;01/07/1998;02/04/2000
24213;0,0575;54011;03/04/2000;31/10/2006
24213;0,0475;54011;03/04/2000;31/10/2006
24213;0,0375;54011;03/04/2000;31/10/2006
24213;0,0275;54011;03/04/2000;31/10/2006
24213;0,02;54011;03/04/2000;31/10/2006
24213;0;54011;03/04/2000;31/10/2006
24215;0,055;54018;31/12/1999;30/04/2000
24215;0,0475;54018;31/12/1999;30/04/2000
24215;0,0375;54018;31/12/1999;30/04/2000
24215;0,0275;54018;31/12/1999;30/04/2000
24215;0,0175;54018;31/12/1999;30/04/2000
24215;0;54018;31/12/1999;30/04/2000
24215;0,0575;54019;01/05/2001;30/04/2004
24215;0,0475;54019;01/05/2001;30/04/2004
24215;0,0375;54019;01/05/2001;30/04/2004
24215;0,0275;54019;01/05/2001;30/04/2004
24215;0,02;54019;01/05/2001;30/04/2004
24215;0;54019;01/05/2001;30/04/2004
24216;0,055;54022;31/12/1999;30/04/2000
24216;0,0475;54022;31/12/1999;30/04/2000
24216;0,0375;54022;31/12/1999;30/04/2000
24216;0,0275;54022;31/12/1999;30/04/2000
24216;0,0175;54022;31/12/1999;30/04/2000
24216;0;54022;31/12/1999;30/04/2000
24216;0,0575;54023;01/05/2001;30/04/2004
24216;0,0475;54023;01/05/2001;30/04/2004
24216;0,0375;54023;01/05/2001;30/04/2004
24216;0,0275;54023;01/05/2001;30/04/2004
24216;0,02;54023;01/05/2001;30/04/2004
24216;0;54023;01/05/2001;30/04/2004
24541;0,0575;54146;20/02/2004;30/09/2005
24541;0,045;54146;20/02/2004;30/09/2005
24541;0,035;54146;20/02/2004;30/09/2005
24541;0,025;54146;20/02/2004;30/09/2005
24541;0,02;54146;20/02/2004;30/09/2005
24541;0;54146;20/02/2004;30/09/2005
24571;0,0575;54162;02/11/1995;31/01/2006
24571;0,045;54162;02/11/1995;31/01/2006
24571;0,035;54162;02/11/1995;31/01/2006
24571;0,025;54162;02/11/1995;31/01/2006
24571;0,02;54162;02/11/1995;31/01/2006
24571;0;54162;02/11/1995;31/01/2006
24659;0,0575;54203;01/12/1993;31/03/2008
24659;0,045;54203;01/12/1993;31/03/2008
24659;0,035;54203;01/12/1993;31/03/2008
24659;0,025;54203;01/12/1993;31/03/2008
24659;0,02;54203;01/12/1993;31/03/2008
24659;0;54203;01/12/1993;31/03/2008
24836;0,0475;54216;01/11/1999;28/02/2003
24836;0,0425;54216;01/11/1999;28/02/2003
24836;0,0375;54216;01/11/1999;28/02/2003
24836;0,025;54216;01/11/1999;28/02/2003
24836;0,015;54216;01/11/1999;28/02/2003
24836;0;54216;01/11/1999;28/02/2003
24836;0,0575;54217;01/03/2003;30/06/2005
24836;0,0475;54217;01/03/2003;30/06/2005
24836;0,0375;54217;01/03/2003;30/06/2005
24836;0,0275;54217;01/03/2003;30/06/2005
24836;0,02;54217;01/03/2003;30/06/2005
24836;0;54217;01/03/2003;30/06/2005
24918;0,0475;54223;09/12/1994;28/02/2003
24918;0,0425;54223;09/12/1994;28/02/2003
24918;0,0375;54223;09/12/1994;28/02/2003
24918;0,025;54223;09/12/1994;28/02/2003
24918;0,015;54223;09/12/1994;28/02/2003
24918;0;54223;09/12/1994;28/02/2003
24918;0,0575;54224;01/03/2003;30/06/2005
24918;0,0475;54224;01/03/2003;30/06/2005
24918;0,0375;54224;01/03/2003;30/06/2005
24918;0,0275;54224;01/03/2003;30/06/2005
24918;0,02;54224;01/03/2003;30/06/2005
24918;0;54224;01/03/2003;30/06/2005
24922;0,0575;54225;01/03/2003;30/06/2005
24922;0,0475;54225;01/03/2003;30/06/2005
24922;0,0375;54225;01/03/2003;30/06/2005
24922;0,0275;54225;01/03/2003;30/06/2005
24922;0,02;54225;01/03/2003;30/06/2005
24922;0;54225;01/03/2003;30/06/2005
24936;0,0475;54228;01/03/2000;31/10/2002
24936;0,0425;54228;01/03/2000;31/10/2002
24936;0,0375;54228;01/03/2000;31/10/2002
24936;0,025;54228;01/03/2000;31/10/2002
24936;0,015;54228;01/03/2000;31/10/2002
24936;0;54228;01/03/2000;31/10/2002
24940;0,0475;54229;01/03/2000;28/02/2003
24940;0,0425;54229;01/03/2000;28/02/2003
24940;0,0375;54229;01/03/2000;28/02/2003
24940;0,025;54229;01/03/2000;28/02/2003
24940;0,015;54229;01/03/2000;28/02/2003
24940;0;54229;01/03/2000;28/02/2003
24940;0,0575;54230;01/03/2003;30/06/2005
24940;0,0475;54230;01/03/2003;30/06/2005
24940;0,0375;54230;01/03/2003;30/06/2005
24940;0,0275;54230;01/03/2003;30/06/2005
24940;0,02;54230;01/03/2003;30/06/2005
24940;0;54230;01/03/2003;30/06/2005
25455;0,0475;54383;09/12/1994;28/02/2003
25455;0,0425;54383;09/12/1994;28/02/2003
25455;0,0375;54383;09/12/1994;28/02/2003
25455;0,025;54383;09/12/1994;28/02/2003
25455;0,015;54383;09/12/1994;28/02/2003
25455;0;54383;09/12/1994;28/02/2003
25455;0,0575;54384;01/03/2003;30/06/2005
25455;0,0475;54384;01/03/2003;30/06/2005
25455;0,0375;54384;01/03/2003;30/06/2005
25455;0,0275;54384;01/03/2003;30/06/2005
25455;0,02;54384;01/03/2003;30/06/2005
25455;0;54384;01/03/2003;30/06/2005
25460;0,0475;54387;18/02/1993;29/07/2001
25460;0,04;54387;18/02/1993;29/07/2001
25460;0,03;54387;18/02/1993;29/07/2001
25460;0,02;54387;18/02/1993;29/07/2001
25460;0,01;54387;18/02/1993;29/07/2001
25460;0;54387;18/02/1993;29/07/2001
25460;0;54388;30/07/2001;30/12/2005
25513;0,0475;54404;09/12/1994;28/02/2003
25513;0,0425;54404;09/12/1994;28/02/2003
25513;0,0375;54404;09/12/1994;28/02/2003
25513;0,025;54404;09/12/1994;28/02/2003
25513;0,015;54404;09/12/1994;28/02/2003
25513;0;54404;09/12/1994;28/02/2003
25513;0,0575;54405;01/03/2003;30/06/2005
25513;0,0475;54405;01/03/2003;30/06/2005
25513;0,0375;54405;01/03/2003;30/06/2005
25513;0,0275;54405;01/03/2003;30/06/2005
25513;0,02;54405;01/03/2003;30/06/2005
25513;0;54405;01/03/2003;30/06/2005
25525;0,0475;54409;09/12/1994;28/02/2003
25525;0,0425;54409;09/12/1994;28/02/2003
25525;0,0375;54409;09/12/1994;28/02/2003
25525;0,025;54409;09/12/1994;28/02/2003
25525;0,015;54409;09/12/1994;28/02/2003
25525;0;54409;09/12/1994;28/02/2003
25525;0,0575;54410;01/03/2003;30/06/2005
25525;0,0475;54410;01/03/2003;30/06/2005
25525;0,0375;54410;01/03/2003;30/06/2005
25525;0,0275;54410;01/03/2003;30/06/2005
25525;0,02;54410;01/03/2003;30/06/2005
25525;0;54410;01/03/2003;30/06/2005
25999;0,0575;54547;21/01/2000;30/08/2002
25999;0,045;54547;21/01/2000;30/08/2002
25999;0,035;54547;21/01/2000;30/08/2002
25999;0,025;54547;21/01/2000;30/08/2002
25999;0,02;54547;21/01/2000;30/08/2002
25999;0;54547;21/01/2000;30/08/2002
26277;0,055;54745;17/02/2004;31/05/2006
26277;0,0475;54745;17/02/2004;31/05/2006
26277;0,0375;54745;17/02/2004;31/05/2006
26277;0,0275;54745;17/02/2004;31/05/2006
26277;0,02;54745;17/02/2004;31/05/2006
26277;0,01;54745;17/02/2004;31/05/2006
26416;0,0475;57541;31/01/1996;31/03/2008
26416;0,04;57541;31/01/1996;31/03/2008
26416;0,03;57541;31/01/1996;31/03/2008
26416;0,02;57541;31/01/1996;31/03/2008
26416;0,01;57541;31/01/1996;31/03/2008
26416;0,0025;57541;31/01/1996;31/03/2008
26416;0;57541;31/01/1996;31/03/2008
26416;0,0475;57542;31/01/1997;31/03/2008
26416;0,04;57542;31/01/1997;31/03/2008
26416;0,03;57542;31/01/1997;31/03/2008
26416;0,02;57542;31/01/1997;31/03/2008
26416;0,01;57542;31/01/1997;31/03/2008
26416;0;57542;31/01/1997;31/03/2008
26416;0;57543;01/06/1997;31/03/2008
26420;0;54796;01/06/1997;30/06/2004
26430;0,03;54802;10/07/1992;31/10/2000
26430;0,01;54802;10/07/1992;31/10/2000
26430;0,035;54803;01/11/2000;30/06/2004
26430;0,03;54803;01/11/2000;30/06/2004
26430;0,025;54803;01/11/2000;30/06/2004
26430;0,015;54803;01/11/2000;30/06/2004
26430;0,01;54803;01/11/2000;30/06/2004
26430;0;54803;01/11/2000;30/06/2004
26489;0,0575;54836;18/12/1995;30/09/2003
26489;0,045;54836;18/12/1995;30/09/2003
26489;0,035;54836;18/12/1995;30/09/2003
26489;0,025;54836;18/12/1995;30/09/2003
26489;0,02;54836;18/12/1995;30/09/2003
26489;0;54836;18/12/1995;30/09/2003
26493;0,0575;54838;18/12/1995;30/09/2003
26493;0,045;54838;18/12/1995;30/09/2003
26493;0,035;54838;18/12/1995;30/09/2003
26493;0,025;54838;18/12/1995;30/09/2003
26493;0,02;54838;18/12/1995;30/09/2003
26493;0;54838;18/12/1995;30/09/2003
26504;0,045;54844;01/12/1992;29/10/2004
26504;0,035;54844;01/12/1992;29/10/2004
26504;0,025;54844;01/12/1992;29/10/2004
26504;0,015;54844;01/12/1992;29/10/2004
26504;0;54844;01/12/1992;29/10/2004
26509;0,045;54846;02/01/1997;29/10/2004
26509;0,035;54846;02/01/1997;29/10/2004
26509;0,025;54846;02/01/1997;29/10/2004
26509;0,015;54846;02/01/1997;29/10/2004
26509;0;54846;02/01/1997;29/10/2004
26511;0,045;54847;29/09/1995;29/10/2004
26511;0,035;54847;29/09/1995;29/10/2004
26511;0,025;54847;29/09/1995;29/10/2004
26511;0,015;54847;29/09/1995;29/10/2004
26511;0;54847;29/09/1995;29/10/2004
26717;0,0575;54904;24/04/2003;27/05/2003
26717;0,0475;54904;24/04/2003;27/05/2003
26717;0,0375;54904;24/04/2003;27/05/2003
26717;0,025;54904;24/04/2003;27/05/2003
26717;0,02;54904;24/04/2003;27/05/2003
26717;0;54904;24/04/2003;27/05/2003
26717;0,0575;54905;28/05/2003;31/03/2008
26717;0,0475;54905;28/05/2003;31/03/2008
26717;0,035;54905;28/05/2003;31/03/2008
26717;0,025;54905;28/05/2003;31/03/2008
26717;0,02;54905;28/05/2003;31/03/2008
26717;0;54905;28/05/2003;31/03/2008
26721;0,0575;54906;18/06/2001;27/05/2003
26721;0,0475;54906;18/06/2001;27/05/2003
26721;0,0375;54906;18/06/2001;27/05/2003
26721;0,025;54906;18/06/2001;27/05/2003
26721;0,02;54906;18/06/2001;27/05/2003
26721;0;54906;18/06/2001;27/05/2003
26721;0,0575;54907;28/05/2003;31/03/2008
26721;0,0475;54907;28/05/2003;31/03/2008
26721;0,035;54907;28/05/2003;31/03/2008
26721;0,025;54907;28/05/2003;31/03/2008
26721;0,02;54907;28/05/2003;31/03/2008
26721;0;54907;28/05/2003;31/03/2008
26948;0,0575;54966;01/07/2003;31/10/2003
26948;0,055;54966;01/07/2003;31/10/2003
26948;0,05;54966;01/07/2003;31/10/2003
26948;0,04;54966;01/07/2003;31/10/2003
26948;0,0325;54966;01/07/2003;31/10/2003
26948;0,0225;54966;01/07/2003;31/10/2003
26948;0;54966;01/07/2003;31/10/2003
27846;0,045;55164;30/09/1996;30/04/2000
27846;0,04;55164;30/09/1996;30/04/2000
27846;0,035;55164;30/09/1996;30/04/2000
27846;0,025;55164;30/09/1996;30/04/2000
27846;0,015;55164;30/09/1996;30/04/2000
27846;0;55164;30/09/1996;30/04/2000
27846;0,0575;55165;01/05/2001;31/12/2004
27846;0,045;55165;01/05/2001;31/12/2004
27846;0,035;55165;01/05/2001;31/12/2004
27846;0,025;55165;01/05/2001;31/12/2004
27846;0,02;55165;01/05/2001;31/12/2004
27846;0;55165;01/05/2001;31/12/2004
28200;0,0575;55210;31/12/1996;30/09/2005
28200;0,045;55210;31/12/1996;30/09/2005
28200;0,035;55210;31/12/1996;30/09/2005
28200;0,026;55210;31/12/1996;30/09/2005
28200;0,02;55210;31/12/1996;30/09/2005
28200;0;55210;31/12/1996;30/09/2005
28208;0,0575;55213;10/07/1992;31/12/2004
28208;0,045;55213;10/07/1992;31/12/2004
28208;0,035;55213;10/07/1992;31/12/2004
28208;0,026;55213;10/07/1992;31/12/2004
28208;0,02;55213;10/07/1992;31/12/2004
28208;0;55213;10/07/1992;31/12/2004
28212;0,0575;55216;16/10/1995;29/04/2005
28212;0,045;55216;16/10/1995;29/04/2005
28212;0,035;55216;16/10/1995;29/04/2005
28212;0,026;55216;16/10/1995;29/04/2005
28212;0,02;55216;16/10/1995;29/04/2005
28212;0;55216;16/10/1995;29/04/2005
28215;0,0575;55219;10/07/1992;31/03/2005
28215;0,045;55219;10/07/1992;31/03/2005
28215;0,035;55219;10/07/1992;31/03/2005
28215;0,026;55219;10/07/1992;31/03/2005
28215;0,02;55219;10/07/1992;31/03/2005
28215;0;55219;10/07/1992;31/03/2005
28235;0,055;55230;01/10/1997;18/08/2002
28235;0,045;55230;01/10/1997;18/08/2002
28235;0,035;55230;01/10/1997;18/08/2002
28235;0,025;55230;01/10/1997;18/08/2002
28235;0,02;55230;01/10/1997;18/08/2002
28235;0;55230;01/10/1997;18/08/2002
28235;0,0575;55231;19/08/2002;31/08/2004
28235;0,045;55231;19/08/2002;31/08/2004
28235;0,035;55231;19/08/2002;31/08/2004
28235;0,026;55231;19/08/2002;31/08/2004
28235;0,02;55231;19/08/2002;31/08/2004
28235;0;55231;19/08/2002;31/08/2004
28309;0,0575;55260;01/05/2000;30/06/2006
28309;0,0475;55260;01/05/2000;30/06/2006
28309;0,0375;55260;01/05/2000;30/06/2006
28309;0,0275;55260;01/05/2000;30/06/2006
28309;0,02;55260;01/05/2000;30/06/2006
28309;0;55260;01/05/2000;30/06/2006
28312;0,0575;55261;04/11/1996;30/06/2006
28312;0,0475;55261;04/11/1996;30/06/2006
28312;0,0375;55261;04/11/1996;30/06/2006
28312;0,0275;55261;04/11/1996;30/06/2006
28312;0,02;55261;04/11/1996;30/06/2006
28312;0;55261;04/11/1996;30/06/2006
28321;0,0575;55264;29/01/1999;30/06/2006
28321;0,0475;55264;29/01/1999;30/06/2006
28321;0,0375;55264;29/01/1999;30/06/2006
28321;0,0275;55264;29/01/1999;30/06/2006
28321;0,02;55264;29/01/1999;30/06/2006
28321;0;55264;29/01/1999;30/06/2006
28587;0,05;55489;25/02/2000;30/09/2005
28587;0,04;55489;25/02/2000;30/09/2005
28587;0,025;55489;25/02/2000;30/09/2005
28587;0,02;55489;25/02/2000;30/09/2005
28587;0;55489;25/02/2000;30/09/2005
28591;0,025;55490;15/09/1999;03/03/2005
28591;0,02;55490;15/09/1999;03/03/2005
28591;0;55490;15/09/1999;03/03/2005
28591;0,05;55491;04/03/2005;30/03/2007
28591;0,045;55491;04/03/2005;30/03/2007
28591;0,04;55491;04/03/2005;30/03/2007
28591;0,03;55491;04/03/2005;30/03/2007
28591;0,02;55491;04/03/2005;30/03/2007
28591;0;55491;04/03/2005;30/03/2007
28628;0,05;55511;23/09/1996;31/07/2001
28628;0,04;55511;23/09/1996;31/07/2001
28628;0,03;55511;23/09/1996;31/07/2001
28628;0,02;55511;23/09/1996;31/07/2001
28628;0,015;55511;23/09/1996;31/07/2001
28628;0;55511;23/09/1996;31/07/2001
28628;0;55512;01/08/2001;30/03/2007
28741;0,01;55527;27/10/2000;01/02/2004
28741;0;55528;02/02/2004;31/03/2005
28749;0,05;55531;03/07/1995;10/09/2000
28749;0,04;55531;03/07/1995;10/09/2000
28749;0,035;55531;03/07/1995;10/09/2000
28749;0,03;55531;03/07/1995;10/09/2000
28749;0,02;55531;03/07/1995;10/09/2000
28749;0;55531;03/07/1995;10/09/2000
28749;0,05;55532;11/09/2000;30/04/2003
28749;0,0425;55532;11/09/2000;30/04/2003
28749;0,0375;55532;11/09/2000;30/04/2003
28749;0,0325;55532;11/09/2000;30/04/2003
28749;0,0275;55532;11/09/2000;30/04/2003
28749;0,02;55532;11/09/2000;30/04/2003
28749;0;55532;11/09/2000;30/04/2003
28761;0,045;55540;20/08/1999;31/03/2005
28761;0,04;55540;20/08/1999;31/03/2005
28761;0,0325;55540;20/08/1999;31/03/2005
28761;0,0275;55540;20/08/1999;31/03/2005
28761;0,0175;55540;20/08/1999;31/03/2005
28761;0;55540;20/08/1999;31/03/2005
28767;0,0575;55542;30/06/2000;31/03/2004
28767;0,05;55542;30/06/2000;31/03/2004
28767;0,04;55542;30/06/2000;31/03/2004
28767;0,03;55542;30/06/2000;31/03/2004
28767;0,0225;55542;30/06/2000;31/03/2004
28767;0;55542;30/06/2000;31/03/2004
28767;0,0525;55543;01/04/2004;31/10/2006
28767;0,045;55543;01/04/2004;31/10/2006
28767;0,04;55543;01/04/2004;31/10/2006
28767;0,035;55543;01/04/2004;31/10/2006
28767;0,025;55543;01/04/2004;31/10/2006
28767;0,02;55543;01/04/2004;31/10/2006
28767;0,015;55543;01/04/2004;31/10/2006
28767;0;55543;01/04/2004;31/10/2006
29131;0,055;55668;12/04/2004;28/02/2007
29131;0,05;55668;12/04/2004;28/02/2007
29131;0,045;55668;12/04/2004;28/02/2007
29131;0,0375;55668;12/04/2004;28/02/2007
29131;0,0275;55668;12/04/2004;28/02/2007
29131;0,02;55668;12/04/2004;28/02/2007
29131;0;55668;12/04/2004;28/02/2007
29432;0,0575;55855;14/10/1997;30/08/2002
29432;0,0475;55855;14/10/1997;30/08/2002
29432;0,0375;55855;14/10/1997;30/08/2002
29432;0,03;55855;14/10/1997;30/08/2002
29432;0,021;55855;14/10/1997;30/08/2002
29432;0;55855;14/10/1997;30/08/2002
30008;0,05;56119;08/10/2003;31/10/2006
30008;0,04;56119;08/10/2003;31/10/2006
30008;0,03;56119;08/10/2003;31/10/2006
30008;0,02;56119;08/10/2003;31/10/2006
30008;0,01;56119;08/10/2003;31/10/2006
30008;0;56119;08/10/2003;31/10/2006
30109;0;56160;01/02/1995;30/04/2000
30109;0,0125;56161;01/05/2000;30/04/2001
30109;0;56162;01/05/2001;31/10/2003
30125;0,0575;56172;21/10/2002;31/03/2008
30125;0,045;56172;21/10/2002;31/03/2008
30125;0,035;56172;21/10/2002;31/03/2008
30125;0,0295;56172;21/10/2002;31/03/2008
30125;0,0225;56172;21/10/2002;31/03/2008
30125;0;56172;21/10/2002;31/03/2008
30139;0,0575;56176;01/05/1998;30/04/2000
30139;0,045;56176;01/05/1998;30/04/2000
30139;0,035;56176;01/05/1998;30/04/2000
30139;0,025;56176;01/05/1998;30/04/2000
30139;0,02;56176;01/05/1998;30/04/2000
30139;0;56176;01/05/1998;30/04/2000
30139;0,0575;56177;01/05/2000;31/08/2006
30139;0,045;56177;01/05/2000;31/08/2006
30139;0,035;56177;01/05/2000;31/08/2006
30139;0,0295;56177;01/05/2000;31/08/2006
30139;0,0225;56177;01/05/2000;31/08/2006
30139;0;56177;01/05/2000;31/08/2006
30166;0,0575;56190;01/02/2007;31/03/2008
30166;0,045;56190;01/02/2007;31/03/2008
30166;0,035;56190;01/02/2007;31/03/2008
30166;0,0295;56190;01/02/2007;31/03/2008
30166;0,02;56190;01/02/2007;31/03/2008
30166;0;56190;01/02/2007;31/03/2008
30170;0,0575;56191;01/02/2007;31/03/2008
30170;0,045;56191;01/02/2007;31/03/2008
30170;0,035;56191;01/02/2007;31/03/2008
30170;0,0295;56191;01/02/2007;31/03/2008
30170;0,02;56191;01/02/2007;31/03/2008
30170;0;56191;01/02/2007;31/03/2008
30172;0,0575;56192;01/02/2007;31/03/2008
30172;0,045;56192;01/02/2007;31/03/2008
30172;0,035;56192;01/02/2007;31/03/2008
30172;0,0295;56192;01/02/2007;31/03/2008
30172;0,02;56192;01/02/2007;31/03/2008
30172;0;56192;01/02/2007;31/03/2008
30173;0,0575;56193;01/02/2007;31/03/2008
30173;0,045;56193;01/02/2007;31/03/2008
30173;0,035;56193;01/02/2007;31/03/2008
30173;0,0295;56193;01/02/2007;31/03/2008
30173;0,0225;56193;01/02/2007;31/03/2008
30173;0;56193;01/02/2007;31/03/2008
30188;0,0525;56195;01/05/2001;30/06/2004
30188;0,045;56195;01/05/2001;30/06/2004
30188;0,035;56195;01/05/2001;30/06/2004
30188;0,025;56195;01/05/2001;30/06/2004
30188;0,02;56195;01/05/2001;30/06/2004
30188;0;56195;01/05/2001;30/06/2004
30188;0,055;56196;01/07/2004;31/12/2004
30188;0,0475;56196;01/07/2004;31/12/2004
30188;0,035;56196;01/07/2004;31/12/2004
30188;0,0275;56196;01/07/2004;31/12/2004
30188;0,02;56196;01/07/2004;31/12/2004
30188;0;56196;01/07/2004;31/12/2004
30188;0;56197;01/01/2005;30/06/2005
30203;0,01;56217;30/06/1998;31/10/2002
30204;0,0525;56218;01/05/2001;30/06/2004
30204;0,045;56218;01/05/2001;30/06/2004
30204;0,035;56218;01/05/2001;30/06/2004
30204;0,025;56218;01/05/2001;30/06/2004
30204;0,02;56218;01/05/2001;30/06/2004
30204;0;56218;01/05/2001;30/06/2004
30204;0,055;56219;01/07/2004;31/12/2004
30204;0,0475;56219;01/07/2004;31/12/2004
30204;0,035;56219;01/07/2004;31/12/2004
30204;0,0275;56219;01/07/2004;31/12/2004
30204;0,02;56219;01/07/2004;31/12/2004
30204;0;56219;01/07/2004;31/12/2004
30204;0;56220;01/01/2005;30/06/2005
30207;0,055;56222;01/02/1996;28/05/2004
30207;0,0475;56222;01/02/1996;28/05/2004
30207;0,035;56222;01/02/1996;28/05/2004
30207;0,0275;56222;01/02/1996;28/05/2004
30207;0,02;56222;01/02/1996;28/05/2004
30207;0;56222;01/02/1996;28/05/2004
30282;0,055;56258;01/02/1996;31/10/2006
30282;0,0475;56258;01/02/1996;31/10/2006
30282;0,035;56258;01/02/1996;31/10/2006
30282;0,0275;56258;01/02/1996;31/10/2006
30282;0,02;56258;01/02/1996;31/10/2006
30282;0;56258;01/02/1996;31/10/2006
30298;0,055;56264;01/03/1999;28/02/2007
30298;0,0475;56264;01/03/1999;28/02/2007
30298;0,035;56264;01/03/1999;28/02/2007
30298;0,0275;56264;01/03/1999;28/02/2007
30298;0,02;56264;01/03/1999;28/02/2007
30298;0;56264;01/03/1999;28/02/2007
30305;0,01;56267;01/03/1999;30/09/2004
30311;0,01;56269;01/03/1999;30/09/2004
30337;0,01;56280;01/03/1999;30/09/2004
30349;0,01;56286;01/03/1999;30/09/2004
30405;0,01;56296;01/03/2000;30/09/2004
30411;0,01;56298;01/03/2000;30/09/2004
30804;0,045;56397;13/08/1996;30/06/2008
30804;0,04;56397;13/08/1996;30/06/2008
30804;0,03;56397;13/08/1996;30/06/2008
30804;0,02;56397;13/08/1996;30/06/2008
30804;0;56397;13/08/1996;30/06/2008
30853;0,055;56403;15/08/1997;31/01/2002
30853;0,045;56403;15/08/1997;31/01/2002
30853;0,035;56403;15/08/1997;31/01/2002
30853;0,025;56403;15/08/1997;31/01/2002
30853;0,015;56403;15/08/1997;31/01/2002
30853;0;56403;15/08/1997;31/01/2002
30966;0,0575;56436;01/05/1999;31/03/2008
30966;0,05;56436;01/05/1999;31/03/2008
30966;0,045;56436;01/05/1999;31/03/2008
30966;0,03;56436;01/05/1999;31/03/2008
30966;0,025;56436;01/05/1999;31/03/2008
30966;0,02;56436;01/05/1999;31/03/2008
30966;0;56436;01/05/1999;31/03/2008
31155;0,0575;56546;29/03/2000;29/08/2003
31155;0,0475;56546;29/03/2000;29/08/2003
31155;0,0375;56546;29/03/2000;29/08/2003
31155;0,0275;56546;29/03/2000;29/08/2003
31155;0,02;56546;29/03/2000;29/08/2003
31155;0;56546;29/03/2000;29/08/2003
31491;0,0575;56571;31/07/2000;28/02/2003
31491;0,045;56571;31/07/2000;28/02/2003
31491;0,035;56571;31/07/2000;28/02/2003
31491;0,025;56571;31/07/2000;28/02/2003
31491;0,02;56571;31/07/2000;28/02/2003
31491;0;56571;31/07/2000;28/02/2003
31532;0,0575;56599;27/02/2001;31/01/2005
31532;0,045;56599;27/02/2001;31/01/2005
31532;0,035;56599;27/02/2001;31/01/2005
31532;0,025;56599;27/02/2001;31/01/2005
31532;0,02;56599;27/02/2001;31/01/2005
31532;0;56599;27/02/2001;31/01/2005
31569;0,055;56642;01/11/1999;30/08/2001
31569;0,035;56642;01/11/1999;30/08/2001
31569;0,025;56642;01/11/1999;30/08/2001
31569;0,015;56642;01/11/1999;30/08/2001
31569;0;56642;01/11/1999;30/08/2001
31569;0,055;56643;31/08/2001;29/08/2003
31569;0,0425;56643;31/08/2001;29/08/2003
31569;0,0325;56643;31/08/2001;29/08/2003
31569;0,0225;56643;31/08/2001;29/08/2003
31569;0,02;56643;31/08/2001;29/08/2003
31569;0;56643;31/08/2001;29/08/2003
31645;0,0575;56729;27/08/1997;31/03/2004
31645;0,0475;56729;27/08/1997;31/03/2004
31645;0,0375;56729;27/08/1997;31/03/2004
31645;0,025;56729;27/08/1997;31/03/2004
31645;0,02;56729;27/08/1997;31/03/2004
31645;0;56729;27/08/1997;31/03/2004
31678;0,055;56731;01/03/2004;29/12/2006
31678;0,0475;56731;01/03/2004;29/12/2006
31678;0,0375;56731;01/03/2004;29/12/2006
31678;0,03;56731;01/03/2004;29/12/2006
31678;0,02;56731;01/03/2004;29/12/2006
31678;0;56731;01/03/2004;29/12/2006
31682;0,055;56738;28/02/1997;28/02/2002
31682;0,04;56738;28/02/1997;28/02/2002
31682;0,03;56738;28/02/1997;28/02/2002
31682;0,02;56738;28/02/1997;28/02/2002
31682;0,01;56738;28/02/1997;28/02/2002
31682;0,005;56738;28/02/1997;28/02/2002
31682;0;56738;28/02/1997;28/02/2002
31682;0,055;56739;01/03/2002;29/12/2006
31682;0,0475;56739;01/03/2002;29/12/2006
31682;0,0375;56739;01/03/2002;29/12/2006
31682;0,03;56739;01/03/2002;29/12/2006
31682;0,02;56739;01/03/2002;29/12/2006
31682;0;56739;01/03/2002;29/12/2006
31697;0,055;56747;01/03/2002;29/12/2006
31697;0,0475;56747;01/03/2002;29/12/2006
31697;0,0375;56747;01/03/2002;29/12/2006
31697;0,03;56747;01/03/2002;29/12/2006
31697;0,02;56747;01/03/2002;29/12/2006
31697;0;56747;01/03/2002;29/12/2006
31704;0,055;56757;01/03/2002;29/12/2006
31704;0,0475;56757;01/03/2002;29/12/2006
31704;0,0375;56757;01/03/2002;29/12/2006
31704;0,03;56757;01/03/2002;29/12/2006
31704;0,02;56757;01/03/2002;29/12/2006
31704;0;56757;01/03/2002;29/12/2006
31824;0,0575;56795;28/01/2000;31/05/2002
31824;0,045;56795;28/01/2000;31/05/2002
31824;0,0375;56795;28/01/2000;31/05/2002
31824;0,025;56795;28/01/2000;31/05/2002
31824;0,02;56795;28/01/2000;31/05/2002
31824;0;56795;28/01/2000;31/05/2002
31830;0,0575;56799;28/01/2000;31/05/2002
31830;0,045;56799;28/01/2000;31/05/2002
31830;0,0375;56799;28/01/2000;31/05/2002
31830;0,025;56799;28/01/2000;31/05/2002
31830;0,02;56799;28/01/2000;31/05/2002
31830;0;56799;28/01/2000;31/05/2002
31837;0,0575;56805;28/01/2000;31/05/2002
31837;0,045;56805;28/01/2000;31/05/2002
31837;0,0375;56805;28/01/2000;31/05/2002
31837;0,025;56805;28/01/2000;31/05/2002
31837;0,02;56805;28/01/2000;31/05/2002
31837;0;56805;28/01/2000;31/05/2002
31973;0,015;56876;21/09/1999;30/04/2002
32029;0,0575;56900;08/11/1999;30/04/2002
32029;0,0475;56900;08/11/1999;30/04/2002
32029;0,0375;56900;08/11/1999;30/04/2002
32029;0,0275;56900;08/11/1999;30/04/2002
32029;0,02;56900;08/11/1999;30/04/2002
32029;0;56900;08/11/1999;30/04/2002
32033;0,0575;56903;17/07/1999;29/04/2005
32033;0,0475;56903;17/07/1999;29/04/2005
32033;0,0375;56903;17/07/1999;29/04/2005
32033;0,0275;56903;17/07/1999;29/04/2005
32033;0,02;56903;17/07/1999;29/04/2005
32033;0;56903;17/07/1999;29/04/2005
32054;0,0575;56917;17/07/1999;29/04/2005
32054;0,0475;56917;17/07/1999;29/04/2005
32054;0,0375;56917;17/07/1999;29/04/2005
32054;0,0275;56917;17/07/1999;29/04/2005
32054;0,02;56917;17/07/1999;29/04/2005
32054;0;56917;17/07/1999;29/04/2005
32063;0,0575;56924;08/11/1999;30/05/2003
32063;0,0475;56924;08/11/1999;30/05/2003
32063;0,0375;56924;08/11/1999;30/05/2003
32063;0,0275;56924;08/11/1999;30/05/2003
32063;0,02;56924;08/11/1999;30/05/2003
32063;0;56924;08/11/1999;30/05/2003
32156;0,0575;56983;17/10/2000;30/05/2003
32156;0,0475;56983;17/10/2000;30/05/2003
32156;0,0375;56983;17/10/2000;30/05/2003
32156;0,0275;56983;17/10/2000;30/05/2003
32156;0,02;56983;17/10/2000;30/05/2003
32156;0;56983;17/10/2000;30/05/2003
32517;0,0275;57089;01/10/1998;30/10/2002
32517;0,0225;57089;01/10/1998;30/10/2002
32517;0,015;57089;01/10/1998;30/10/2002
32517;0,01;57089;01/10/1998;30/10/2002
32517;0;57089;01/10/1998;30/10/2002
32517;0,0575;57090;31/10/2002;31/08/2006
32517;0,045;57090;31/10/2002;31/08/2006
32517;0,035;57090;31/10/2002;31/08/2006
32517;0,025;57090;31/10/2002;31/08/2006
32517;0,02;57090;31/10/2002;31/08/2006
32517;0,01;57090;31/10/2002;31/08/2006
44682;0,04;58648;03/05/1999;30/06/2009
44682;0,0375;58648;03/05/1999;30/06/2009
44682;0,03;58648;03/05/1999;30/06/2009
44682;0,02;58648;03/05/1999;30/06/2009
44682;0,01;58648;03/05/1999;30/06/2009
44682;0;58648;03/05/1999;30/06/2009
44683;0,04;58649;03/05/1999;30/06/2009
44683;0,0375;58649;03/05/1999;30/06/2009
44683;0,03;58649;03/05/1999;30/06/2009
44683;0,02;58649;03/05/1999;30/06/2009
44683;0,01;58649;03/05/1999;30/06/2009
44683;0;58649;03/05/1999;30/06/2009
44745;0,0525;58661;22/12/1999;30/06/2009
44745;0,0475;58661;22/12/1999;30/06/2009
44745;0,04;58661;22/12/1999;30/06/2009
44745;0,03;58661;22/12/1999;30/06/2009
44745;0,02;58661;22/12/1999;30/06/2009
44745;0;58661;22/12/1999;30/06/2009
44852;0,055;58688;14/03/2000;30/06/2009
44852;0,05;58688;14/03/2000;30/06/2009
44852;0,045;58688;14/03/2000;30/06/2009
44852;0,035;58688;14/03/2000;30/06/2009
44852;0,03;58688;14/03/2000;30/06/2009
44852;0;58688;14/03/2000;30/06/2009
44875;0,04;58691;01/07/2000;30/06/2009
44875;0,0375;58691;01/07/2000;30/06/2009
44875;0,03;58691;01/07/2000;30/06/2009
44875;0,02;58691;01/07/2000;30/06/2009
44875;0,01;58691;01/07/2000;30/06/2009
44875;0;58691;01/07/2000;30/06/2009
44875;0,055;58692;01/03/2003;30/06/2009
44875;0,045;58692;01/03/2003;30/06/2009
44875;0,035;58692;01/03/2003;30/06/2009
44875;0,025;58692;01/03/2003;30/06/2009
44875;0,02;58692;01/03/2003;30/06/2009
44875;0;58692;01/03/2003;30/06/2009
44919;0,03;58701;24/09/1998;30/06/2009
44927;0,0475;58705;02/10/1998;30/06/2009
44927;0,035;58705;02/10/1998;30/06/2009
44927;0,026;58705;02/10/1998;30/06/2009
44927;0,02;58705;02/10/1998;30/06/2009
44927;0;58705;02/10/1998;30/06/2009
44974;0,0575;58719;31/12/1998;30/06/2009
44974;0,045;58719;31/12/1998;30/06/2009
44974;0,035;58719;31/12/1998;30/06/2009
44974;0,026;58719;31/12/1998;30/06/2009
44974;0,02;58719;31/12/1998;30/06/2009
44974;0;58719;31/12/1998;30/06/2009
45008;0,055;58724;01/03/2004;30/06/2009
45008;0,0475;58724;01/03/2004;30/06/2009
45008;0,0375;58724;01/03/2004;30/06/2009
45008;0,0275;58724;01/03/2004;30/06/2009
45008;0,02;58724;01/03/2004;30/06/2009
45008;0;58724;01/03/2004;30/06/2009
45012;0,0575;58725;31/12/1998;30/06/2009
45012;0,045;58725;31/12/1998;30/06/2009
45012;0,035;58725;31/12/1998;30/06/2009
45012;0,026;58725;31/12/1998;30/06/2009
45012;0,02;58725;31/12/1998;30/06/2009
45012;0;58725;31/12/1998;30/06/2009
45057;0,01;58745;01/03/2001;30/06/2009
45057;0;58746;02/02/2004;30/06/2009
45145;0,0475;58762;10/09/2001;30/06/2009
45145;0,045;58762;10/09/2001;30/06/2009
45145;0,035;58762;10/09/2001;30/06/2009
45145;0,025;58762;10/09/2001;30/06/2009
45145;0,01;58762;10/09/2001;30/06/2009
45145;0,005;58762;10/09/2001;30/06/2009
45217;0,05;58781;01/06/2001;30/06/2009
45217;0,045;58781;01/06/2001;30/06/2009
45217;0,035;58781;01/06/2001;30/06/2009
45217;0,025;58781;01/06/2001;30/06/2009
45217;0,02;58781;01/06/2001;30/06/2009
45217;0;58781;01/06/2001;30/06/2009
45249;0,055;58791;01/10/2001;30/06/2009
45249;0,0475;58791;01/10/2001;30/06/2009
45249;0,0375;58791;01/10/2001;30/06/2009
45249;0,0275;58791;01/10/2001;30/06/2009
45249;0,02;58791;01/10/2001;30/06/2009
45249;0;58791;01/10/2001;30/06/2009
45276;0,0575;58800;28/12/2001;30/06/2009
45276;0,0475;58800;28/12/2001;30/06/2009
45276;0,04;58800;28/12/2001;30/06/2009
45276;0,0295;58800;28/12/2001;30/06/2009
45276;0,022;58800;28/12/2001;30/06/2009
45276;0;58800;28/12/2001;30/06/2009
45278;0,055;58801;31/12/2001;30/06/2009
45278;0,0525;58801;31/12/2001;30/06/2009
45278;0,0475;58801;31/12/2001;30/06/2009
45278;0,0375;58801;31/12/2001;30/06/2009
45278;0,03;58801;31/12/2001;30/06/2009
45278;0,02;58801;31/12/2001;30/06/2009
45278;0;58801;31/12/2001;30/06/2009
45528;0,05;58843;15/11/2004;30/06/2009
45528;0,0425;58843;15/11/2004;30/06/2009
45528;0,0375;58843;15/11/2004;30/06/2009
45528;0,0325;58843;15/11/2004;30/06/2009
45528;0,0275;58843;15/11/2004;30/06/2009
45528;0,02;58843;15/11/2004;30/06/2009
45528;0;58843;15/11/2004;30/06/2009
45532;0,045;58844;08/09/2004;30/06/2009
45532;0,0425;58844;08/09/2004;30/06/2009
45532;0,04;58844;08/09/2004;30/06/2009
45532;0,03;58844;08/09/2004;30/06/2009
45532;0,02;58844;08/09/2004;30/06/2009
45532;0;58844;08/09/2004;30/06/2009
45532;0,0575;58845;31/01/2005;30/06/2009
45532;0,045;58845;31/01/2005;30/06/2009
45532;0,035;58845;31/01/2005;30/06/2009
45532;0,025;58845;31/01/2005;30/06/2009
45532;0,02;58845;31/01/2005;30/06/2009
45532;0;58845;31/01/2005;30/06/2009
45532;0,0525;58846;30/09/2006;30/06/2009
45532;0,0475;58846;30/09/2006;30/06/2009
45532;0,04;58846;30/09/2006;30/06/2009
45532;0,03;58846;30/09/2006;30/06/2009
45532;0,025;58846;30/09/2006;30/06/2009
45532;0,02;58846;30/09/2006;30/06/2009
45532;0,015;58846;30/09/2006;30/06/2009
45532;0;58846;30/09/2006;30/06/2009
45585;0,0475;58857;10/01/2005;30/06/2009
45585;0,0375;58857;10/01/2005;30/06/2009
45585;0,025;58857;10/01/2005;30/06/2009
45585;0,02;58857;10/01/2005;30/06/2009
45585;0;58857;10/01/2005;30/06/2009
